Workbook
Name _BR167: 'Parts List and Volumes'!$C$70:$C$105
Name _R1S: 'Parts List and Volumes'!$C$144:$C$147
Name _R1S_T: 'Parts List and Volumes'!$C$136:$C$139
Name _R1T: 'Parts List and Volumes'!$C$140:$C$143
Name _VN127: 'Parts List and Volumes'!$C$2:$C$28
Name EVAII: 'Parts List and Volumes'!$C$54:$C$69
Name F5X: 'Parts List and Volumes'!$C$29:$C$53
Name FourHeadAssumption: Assumptions!$A$19
Name G01_G02: 'Parts List and Volumes'!$C$114:$C$123
Name G05_G06: 'Parts List and Volumes'!$C$132:$C$133
Name G05_G06_G07: 'Parts List and Volumes'!$C$124:$C$131
Name G05_G06_G07_G09: 'Parts List and Volumes'!$C$106:$C$113
Name G07_G09: 'Parts List and Volumes'!$C$134:$C$135
Name RPV_500: 'Parts List and Volumes'!$C$161:$C$176
Name RPV_500_700_900: 'Parts List and Volumes'!$C$153:$C$160
Name RPV_700: 'Parts List and Volumes'!$C$171:$C$172
Name RPV_700_900: 'Parts List and Volumes'!$C$148:$C$152
Name SingleEndAssumption: Assumptions!$G$19

Sheet Assumptions
A1: CNC - Dengler Capacity Assumptions - Planning | G1: CNC - Wafios Capacity Assumptions - Planning
A2: =7.5*60*60 -> 27000 | B2: seconds | C2: Maximum run time per shift - breaks (7.5 hours) | G2: =7.5*60*60 -> 27000 | H2: seconds | I2: Maximum run time per shift - breaks (7.5 hours)
A3: 0.85 | B3: percent | C3: Expected/Planned Efficiency (with PFD) | G3: 0.85 | H3: percent | I3: Expected/Planned Efficiency (with PFD)
A4: 15 | B4: shifts | C4: shifts per week (some customers want to see 10 shifts) | G4: 15 | H4: shifts | I4: shifts per week (some customers want to see 10 shifts)
A5: 48 | B5: Weeks | C5: weeks per year | G5: 48 | H5: Weeks | I5: weeks per year
A6: Plan for: | G6: Plan for:
A7: 2400 | B7: seconds | C7: Change over per shift 2 @ 20 minutes | G7: 1200 | H7: seconds | I7: Change over per shift 2 @ 10 minutes
A8: 600 | B8: seconds | C8: 10 minute cleanup and TPM 10 min | G8: 600 | H8: seconds | I8: 10 minute cleanup and TPM 10 min
A9: 300 | B9: seconds | C9: Shift meeting 5 min | G9: 300 | H9: seconds | I9: Shift meeting 5 min
A10: 0 | B10: seconds | C10: Preventative Maintenance Time (2 PM's per month @ 8 hrs). | G10: 0 | H10: seconds | I10: Preventative Maintenance Time (2 PM's per month @ 8 hrs).
A11: 300 | B11: seconds | C11: Averaged Equipment Emerg. Downtime | G11: 300 | H11: seconds | I11: Averaged Equipment Emerg. Downtime
A12: 600 | B12: seconds | C12: Bad tube/material average - sporadic / no good data | G12: 300 | H12: seconds | I12: Bad tube/material average - sporadic / no good data
A14: 600 | B14: seconds | C14: Time alloted for quality checks (10 min) | G14: 300 | H14: seconds | I14: Time alloted for quality checks (5 min)
A15: =SUM(A7:A14) -> 4800 | B15: seconds | C15: Total non run-time per shift | G15: =SUM(G7:G14) -> 3000 | H15: seconds | I15: Total non run-time per shift
A18: =A2-A15 -> 22200 | B18: seconds | C18: Seconds available per shift | G18: =G2-G15 -> 24000 | H18: seconds | I18: Seconds available per shift
A19: =A18*A4*A5*A3 -> 13586400 | B19: seconds | C19: Seconds of run time available per year | G19: =G18*G4*G5*G3 -> 14688000

Sheet Parts List and Volumes
A1: Customer | B1: Customer Program | C1: Customer Part Number | D1: Internal TI Part Number | E1: Tube Diameter | F1: # of Bends | G1: 2022 Actual | H1: 2022 Quoted | I1: 2023 Actual | J1: 2023 Quoted | K1: 2024 Actual | L1: 2024 Quoted | M1: 2025 Actual | N1: 2025 Quoted | O1: 2026 Actual | P1: 2026 Quoted | Q1: 2027 Actual | R1: 2027 Quoted | S1: 2028 Actual | T1: 2028 Quoted | U1: 2029 Actual | V1: 2029 Quoted | W1: 2030 Actual | X1: 2030 Quoted
A2: Ford | B2: _VN127 | C2: LC24 2263 AA | D2: NE000268AAF20 | E2: 4.76 | G2: 53118 | H2: 68640 | J2: 68640 | L2: 68640 | N2: 68640 | P2: 68640 | R2: 0 | T2: 0 | V2: 0 | X2: 0
A3: Ford | B3: _VN127 | C3: LC24 2264 AA | D3: NE000269AAF20 | E3: 4.76 | G3: 53797 | H3: 68640 | J3: 68640 | L3: 68640 | N3: 68640 | P3: 68640 | R3: 0 | T3: 0 | V3: 0 | X3: 0
A4: Ford | B4: _VN127 | C4: LC24 2234 AC | D4: NF000862ACF20 | E4: 4.76 | G4: 5416 | H4: 4804.8 | J4: 4804.8 | L4: 4804.8 | N4: 4804.8 | P4: 4804.8 | R4: 0 | T4: 0 | V4: 0 | X4: 0
A5: Ford | B5: _VN127 | C5: LC24 2234 BC | D5: NF000863ACF20 | E5: 4.76 | G5: 5411 | H5: 4804.8 | J5: 4804.8 | L5: 4804.8 | N5: 4804.8 | P5: 4804.8 | R5: 0 | T5: 0 | V5: 0 | X5: 0
A6: Ford | B6: _VN127 | C6: LC24 2234 CC | D6: NF000864ACF20 | E6: 4.76 | G6: 44095 | H6: 68640 | J6: 68640 | L6: 68640 | N6: 68640 | P6: 68640 | R6: 0 | T6: 0 | V6: 0 | X6: 0
A7: Ford | B7: _VN127 | C7: LC24 2234 DC | D7: NF000865ACF20 | E7: 4.76 | G7: 43827 | H7: 68640 | J7: 68640 | L7: 68640 | N7: 68640 | P7: 68640 | R7: 0 | T7: 0 | V7: 0 | X7: 0
A8: Ford | B8: _VN127 | C8: LC24 2234 EC | D8: NF000866ABF20 | E8: 4.76 | G8: 2545 | H8: 4804.8 | J8: 4804.8 | L8: 4804.8 | N8: 4804.8 | P8: 4804.8 | R8: 0 | T8: 0 | V8: 0 | X8: 0
A9: Ford | B9: _VN127 | C9: LC24 2234 FB | D9: NF000867ABF20 | E9: 4.76 | G9: 2545 | H9: 4804.8 | J9: 4804.8 | L9: 4804.8 | N9: 4804.8 | P9: 4804.8 | R9: 0 | T9: 0 | V9: 0 | X9: 0
A10: Ford | B10: _VN127 | C10: LC24 9G700 AD | D10: NI000618ACF20 | E10: 4.76 | G10: 7000 | H10: 9952.8 | J10: 9952.8 | L10: 9952.8 | N10: 9952.8 | P10: 9952.8 | R10: 0 | T10: 0 | V10: 0 | X10: 0
A11: Ford | B11: _VN127 | C11: LC24 9G700 BE | D11: NI000619ADF20 | E11: 4.76 | G11: 8293 | H11: 16473.6 | J11: 16473.6 | L11: 16473.6 | N11: 16473.6 | P11: 16473.6 | R11: 0 | T11: 0 | V11: 0 | X11: 0
A12: Ford | B12: _VN127 | C12: LC24 9G700 CE | D12: NI000620ADF20 | E12: 4.76 | G12: 6062 | H12: 6177.6 | J12: 6177.6 | L12: 6177.6 | N12: 6177.6 | P12: 6177.6 | R12: 0 | T12: 0 | V12: 0 | X12: 0
A13: Ford | B13: _VN127 | C13: LC24 9G700 DD | D13: NI000621ACF20 | E13: 4.76 | G13: 2248 | H13: 0 | J13: 0 | L13: 0 | N13: 0 | P13: 0 | R13: 0 | T13: 0 | V13: 0 | X13: 0
... A22: Ford | B22: _VN127 | C22: LC24 2C017 BA | D22: NJ000154AAF20 | E22: 4.76 | G22: 2547 | H22: 4804.8 | J22: 4804.8 | L22: 4804.8 | N22: 4804.8 | P22: 4804.8 | R22: 0 | T22: 0 | V22: 0 | X22: 0
A23: Ford | B23: _VN127 | C23: 9C24 9S296 DD | D23: PA000413ABF20 | G23: 21869 | H23: 31574.4 | J23: 31574.4 | L23: 31574.4 | N23: 31574.4 | P23: 31574.4 | R23: 0 | T23: 0 | V23: 0 | X23: 0
A24: Ford | B24: _VN127 | C24: 9C24 9S296 ED | D24: PA000414ABF20 | G24: 26605 | H24: 3432 | J24: 3432 | L24: 3432 | N24: 3432 | P24: 3432 | R24: 0 | T24: 0 | V24: 0 | X24: 0
A25: Ford | B25: _VN127 | C25: LC24 9G291 AB | D25: PE000117AAF20 | G25: 53624 | H25: 68640 | J25: 68640 | L25: 68640 | N25: 68640 | P25: 68640 | R25: 0 | T25: 0 | V25: 0 | X25: 0
A26: Ford | B26: _VN127 | C26: LC24 9S296 AA | D26: PF000127AAF20 | G26: 2945 | H26: 2333.76 | J26: 2333.76 | L26: 2333.76 | N26: 2333.76 | P26: 2333.76 | R26: 0 | T26: 0 | V26: 0 | X26: 0
A27: Ford | B27: _VN127 | C27: LC24 9S296 BA | D27: PF000128AAF20 | G27: 2050 | H27: 960.96 | J27: 960.96 | L27: 960.96 | N27: 960.96 | P27: 960.96 | R27: 0 | T27: 0 | V27: 0 | X27: 0
A28: Ford | B28: _VN127 | C28: LC24 9B050 AB | D28: PK000445ABF20 | G28: 28242 | H28: 51480 | J28: 51480 | L28: 51480 | N28: 51480 | P28: 51480 | R28: 0 | T28: 0 | V28: 0 | X28: 0
A29: Ford | B29: F5X | C29: BU94 9C047 AC | D29: PA000421ABF20 | G29: 15781 | H29: 22440 | J29: 22440 | L29: 22440 | N29: 22440 | P29: 0 | R29: 0 | T29: 0 | V29: 0 | X29: 0
A30: Ford | B30: F5X | C30: BU94 9C047 BC | D30: PA000422ABF20 | G30: 13524 | H30: 2087 | J30: 2087 | L30: 2087 | N30: 2087 | P30: 0 | R30: 0 | T30: 0 | V30: 0 | X30: 0
A31: Ford | B31: F5X | C31: CU94 9S273 BB | D31: PA008811ABF20 | G31: 13823 | H31: 2087 | J31: 2087 | L31: 2087 | N31: 2087 | P31: 0 | R31: 0 | T31: 0 | V31: 0 | X31: 0
A32: Ford | B32: F5X | C32: GU94 9A322 JB | D32: PE000089AAF20 | G32: 3291 | H32: 98 | J32: 98 | L32: 98 | N32: 98 | P32: 0 | R32: 0 | T32: 0 | V32: 0 | X32: 0
A33: Ford | B33: F5X | C33: LU94 9G321 BA | D33: PE000118AAF20 | G33: 2913 | H33: 1104 | J33: 1104 | L33: 1104 | N33: 1104 | P33: 0 | R33: 0 | T33: 0 | V33: 0 | X33: 0
A34: Ford | B34: F5X | C34: LU94 9G321 CA | D34: PE000119AAF20 | G34: 5713 | H34: 4420 | J34: 4420 | L34: 4420 | N34: 4420 | P34: 0 | R34: 0 | T34: 0 | V34: 0 | X34: 0
... A104: Mercedes | B104: BR167 | C104: A167 470 48 04 | D104: NF020655AAF20 | G104: 3 | H104: 49310.308 | J104: 44943.325 | L104: 39708.978 | N104: 32745.934 | P104: 6785.3094 | R104: 0 | T104: 0 | V104: 0 | X104: 0
A105: Mercedes | B105: BR167 | C105: A167 470 52 04 | D105: NF020659AAF20 | G105: 5400 | H105: 11772.192 | I105: 3776 | J105: 10729.632 | L105: 9480 | N105: 7817.664 | P105: 1619.904 | R105: 0 | T105: 0 | V105: 0 | X105: 0
A106: BMW | B106: G05_G06_G07_G09 | C106: 7-915-325-02 | D106: NFAA1610AAF20 | E106: 4.76 | G106: 23204 | H106: 22637 | I106: 22637 | J106: 22637 | L106: 238306 | N106: 238306 | P106: 0 | R106: 0 | T106: 0 | V106: 0 | X106: 0
A107: BMW | B107: G05_G06_G07_G09 | C107: 7-915-327-03 | D107: NFAA1611AAF20 | E107: 4.76 | G107: 0 | H107: 22637 | I107: 22637 | J107: 22637 | L107: 238306 | N107: 238306 | P107: 0 | R107: 0 | T107: 0 | V107: 0 | X107: 0
A108: BMW | B108: G05_G06_G07_G09 | C108: 7-915-329-01 | D108: NFAA1612AAF20 | E108: 4.76 | G108: 23204 | H108: 22637 | I108: 22637 | J108: 22637 | L108: 238306 | N108: 238306 | P108: 0 | R108: 0 | T108: 0 | V108: 0 | X108: 0
A109: BMW | B109: G05_G06_G07_G09 | C109: 7-915-331-02 | D109: NFAA1617AAF20 | E109: 4.76 | G109: 23204 | H109: 22637 | I109: 22637 | J109: 22637 | L109: 238306 | N109: 238306 | P109: 0 | R109: 0 | T109: 0 | V109: 0 | X109: 0
A110: BMW | B110: G05_G06_G07_G09 | C110: 7-915-333-02 | D110: NFAA1618AAF20 | E110: 4.76 | G110: 1036 | H110: 1014 | I110: 1014 | J110: 1014 | L110: 24773 | N110: 24773 | P110: 0 | R110: 0 | T110: 0 | V110: 0 | X110: 0
A111: BMW | B111: G05_G06_G07_G09 | C111: 7-915-335-02 | D111: NFAA1619AAF20 | E111: 4.76 | G111: 1036 | H111: 1014 | I111: 1014 | J111: 1014 | L111: 24773 | N111: 24773 | P111: 0 | R111: 0 | T111: 0 | V111: 0 | X111: 0
A112: BMW | B112: G05_G06_G07_G09 | C112: 7-915-337-01 | D112: NFAA1620AAF20 | E112: 4.76 | G112: 1036 | H112: 1014 | I112: 1014 | J112: 1014 | L112: 24773 | N112: 24773 | P112: 0 | R112: 0 | T112: 0 | V112: 0 | X112: 0
A113: BMW | B113: G05_G06_G07_G09 | C113: 7-915-339-01 | D113: NFAA1621AAF20 | E113: 4.76 | G113: 1036 | H113: 1014 | I113: 1014 | J113: 1014 | L113: 24773 | N113: 24773 | P113: 0 | R113: 0 | T113: 0 | V113: 0 | X113: 0
A114: BMW | B114: G01_G02 | C114: 6-871-435-01 | D114: NFAA0187AAF20 | E114: 4.76 | G114: 168369 | H114: 167238 | I114: 167238 | J114: 167238 | L114: 85956 | N114: 0 | P114: 0 | R114: 0 | T114: 0 | V114: 0 | X114: 0
A115: BMW | B115: G01_G02 | C115: 6-871-439-03 | D115: NFAA0189ACF20 | E115: 4.76 | G115: 170373 | H115: 169500 | I115: 169500 | J115: 169500 | L115: 85956 | N115: 0 | P115: 0 | R115: 0 | T115: 0 | V115: 0 | X115: 0
A116: BMW | B116: G01_G02 | C116: 6-871-441-03 | D116: NFAA0190ACF20 | E116: 4.76 | G116: 170291 | H116: 169605 | I116: 169605 | J116: 169605 | L116: 85956 | N116: 0 | P116: 0 | R116: 0 | T116: 0 | V116: 0 | X116: 0
A117: BMW | B117: G01_G02 | C117: 6-874-633-01 | D117: NFAA0195AAF20 | G117: 10421 | H117: 10425 | I117: 10425 | J117: 10425 | L117: 17191 | N117: 0 | P117: 0 | R117: 0 | T117: 0 | V117: 0 | X117: 0
A118: BMW | B118: G01_G02 | C118: 6-874-635-02 | D118: NFAA0196ABF20 | G118: 10484 | H118: 10348 | I118: 10348 | J118: 10348 | L118: 17191 | N118: 0 | P118: 0 | R118: 0 | T118: 0 | V118: 0 | X118: 0
A119: BMW | B119: G01_G02 | C119: 6-896-407-01 | D119: NFAA0286AAF20 | G119: 11765 | H119: 11958 | I119: 11958 | J119: 11958 | L119: 17191 | N119: 0 | P119: 0 | R119: 0 | T119: 0 | V119: 0 | X119: 0
A120: BMW | B120: G01_G02 | C120: 6-896-409-01 | D120: NFAA0287AAF20 | G120: 11702 | H120: 12084 | I120: 12084 | J120: 12084 | L120: 17191 | N120: 0 | P120: 0 | R120: 0 | T120: 0 | V120: 0 | X120: 0
A121: BMW | B121: G01_G02 | C121: 6-896-403-01 | D121: NFAA0298AAF20 | G121: 158302 | H121: 157205 | I121: 157205 | J121: 157205 | L121: 68764.5 | N121: 0 | P121: 0 | R121: 0 | T121: 0 | V121: 0 | X121: 0
A122: BMW | B122: G01_G02 | C122: 6-896-405-01 | D122: NFAA0299AAF20 | G122: 158433 | H122: 156625 | I122: 156625 | J122: 156625 | L122: 68764.5 | N122: 0 | P122: 0 | R122: 0 | T122: 0 | V122: 0 | X122: 0
A123: BMW | B123: G01_G02 | C123: 6-897-400-01 | D123: NFAA0300AAF20 | E123: 4.76 | G123: 170405 | H123: 169521 | I123: 169521 | J123: 169521 | L123: 85956 | N123: 0 | P123: 0 | R123: 0 | T123: 0 | V123: 0 | X123: 0
A124: BMW | B124: G05_G06_G07 | C124: 6-871-307-02 | D124: NFAA0208ABF20 | E124: 4.76 | G124: 11588 | H124: 214359 | I124: 214359 | J124: 214359 | L124: 238306 | N124: 238306 | P124: 0 | R124: 0 | T124: 0 | V124: 0 | X124: 0
A125: BMW | B125: G05_G06_G07 | C125: 6-871-309-02 | D125: NFAA0209ABF20 | E125: 4.76 | G125: 217205 | H125: 213913 | I125: 213913 | J125: 213913 | L125: 238306 | N125: 238306 | P125: 0 | R125: 0 | T125: 0 | V125: 0 | X125: 0
A126: BMW | B126: G05_G06_G07 | C126: 6-871-311-01 | D126: NFAA0210AAF20 | E126: 4.76 | G126: 218186 | H126: 214164 | I126: 214164 | J126: 214164 | L126: 238306 | N126: 238306 | P126: 0 | R126: 0 | T126: 0 | V126: 0 | X126: 0
A127: BMW | B127: G05_G06_G07 | C127: 6-871-313-01 | D127: NFAA0211AAF20 | E127: 4.76 | G127: 24260 | H127: 22368 | I127: 22368 | J127: 22368 | L127: 24773 | N127: 24773 | P127: 0 | R127: 0 | T127: 0 | V127: 0 | X127: 0
A128: BMW | B128: G05_G06_G07 | C128: 6-871-315-01 | D128: NFAA0212AAF20 | E128: 4.76 | G128: 24220 | H128: 22357 | I128: 22357 | J128: 22357 | L128: 24773 | N128: 24773 | P128: 0 | R128: 0 | T128: 0 | V128: 0 | X128: 0
A129: BMW | B129: G05_G06_G07 | C129: 6-871-317-01 | D129: NFAA0213AAF20 | E129: 4.76 | G129: 24222 | H129: 22327 | I129: 22327 | J129: 22327 | L129: 24773 | N129: 24773 | P129: 0 | R129: 0 | T129: 0 | V129: 0 | X129: 0
A130: BMW | B130: G05_G06_G07 | C130: 6-871-319-01 | D130: NFAA0214AAF20 | E130: 4.76 | G130: 24282 | H130: 22393 | I130: 22393 | J130: 22393 | L130: 24773 | N130: 24773 | P130: 0 | R130: 0 | T130: 0 | V130: 0 | X130: 0
A131: BMW | B131: G05_G06_G07 | C131: 6-895-879-01 | D131: NFAA0281AAF20 | E131: 4.76 | G131: 217905 | H131: 214392 | I131: 214392 | J131: 214392 | L131: 238306 | N131: 238306 | P131: 0 | R131: 0 | T131: 0 | V131: 0 | X131: 0
A132: BMW | B132: G05_G06 | C132: 6-871-321-03 | D132: NFAA0215ACF20 | E132: 4.76 | G132: 210671 | H132: 210671 | I132: 205524 | J132: 205524 | L132: 208293 | N132: 208293 | P132: 0 | R132: 0 | T132: 0 | V132: 0 | X132: 0
A133: BMW | B133: G05_G06 | C133: 6-871-323-03 | D133: NFAA0216ACF20 | E133: 4.76 | G133: 210632 | H133: 205421 | I133: 205421 | J133: 205421 | L133: 208293 | N133: 208293 | P133: 0 | R133: 0 | T133: 0 | V133: 0 | X133: 0
A134: BMW | B134: G07_G09 | C134: 6-871-325-04 | D134: NFAA0217ADF20 | G134: 55776 | H134: 54818 | I134: 54818 | J134: 54818 | L134: 43979 | N134: 43979 | P134: 0 | R134: 0 | T134: 0 | V134: 0 | X134: 0
A135: BMW | B135: G07_G09 | C135: 6-871-327-04 | D135: NFAA0218ADF20 | G135: 55902 | H135: 52310 | I135: 52310 | J135: 52310 | L135: 43979 | N135: 43979 | P135: 0 | R135: 0 | T135: 0 | V135: 0 | X135: 0
A136: Rivian | B136: _R1S_T | C136: PT00000725 | D136: NJ000693ABF20 | E136: 4.76 | G136: 38400 | H136: 50000 | J136: 60000 | L136: 54000 | N136: 54000 | P136: 54000 | R136: 54000 | T136: 54000 | V136: 0 | X136: 0
A137: Rivian | B137: _R1S_T | C137: PT00045073 | D137: NJ000663ABF20 | E137: 7.96 | G137: 43200 | H137: 50000 | J137: 60000 | L137: 54000 | N137: 54000 | P137: 54000 | R137: 54000 | T137: 54000 | V137: 0 | X137: 0
A138: Rivian | B138: _R1S_T | C138: PT00000727 | D138: NJ000694AAF20 | E138: 4.76 | G138: 42000 | H138: 50000 | J138: 60000 | L138: 54000 | N138: 54000 | P138: 54000 | R138: 54000 | T138: 54000 | V138: 0 | X138: 0
A139: Rivian | B139: _R1S_T | C139: PT00043962 | D139: NJ000662ACF20 | E139: 4.76 | G139: 42000 | H139: 50000 | J139: 60000 | L139: 54000 | N139: 54000 | P139: 54000 | R139: 54000 | T139: 54000 | V139: 0 | X139: 0
A140: Rivian | B140: _R1T | C140: PT00043959 | D140: NJ000676ACF20 | E140: 4.76 | G140: 17600 | H140: 20000 | J140: 30000 | L140: 27500 | N140: 27500 | P140: 27500 | R140: 27500 | T140: 27500 | V140: 0 | X140: 0
A141: Rivian | B141: _R1T | C141: PT00043960 | D141: NJ000674ABF20 | E141: 4.76 | G141: 16400 | H141: 20000 | J141: 30000 | L141: 27500 | N141: 27500 | P141: 27500 | R141: 27500 | T141: 27500 | V141: 0 | X141: 0
A142: Rivian | B142: _R1T | C142: PT00043961 | D142: NJ000689ABF20 | E142: 4.76 | G142: 16800 | H142: 20000 | J142: 30000 | L142: 27500 | N142: 27500 | P142: 27500 | R142: 27500 | T142: 27500 | V142: 0 | X142: 0
A143: Rivian | B143: _R1T | C143: PT00043963 | D143: NJ000690AAF20 | E143: 4.76 | G143: 18800 | H143: 20000 | J143: 30000 | L143: 27500 | N143: 27500 | P143: 27500 | R143: 27500 | T143: 27500 | V143: 0 | X143: 0
A144: Rivian | B144: _R1S | C144: PT00050045 | D144: NJ000677ACF20 | E144: 4.76 | G144: 21800 | H144: 30000 | J144: 30000 | L144: 26500 | N144: 26500 | P144: 26500 | R144: 26500 | T144: 26500 | V144: 0 | X144: 0
A145: Rivian | B145: _R1S | C145: PT00050048 | D145: NJ000691ABF20 | E145: 4.76 | G145: 19600 | H145: 30000 | J145: 30000 | L145: 26500 | N145: 26500 | P145: 26500 | R145: 26500 | T145: 26500 | V145: 0 | X145: 0
A146: Rivian | B146: _R1S | C146: PT00050049 | D146: NJ000675ABF20 | E146: 4.76 | G146: 21400 | H146: 30000 | J146: 30000 | L146: 26500 | N146: 26500 | P146: 26500 | R146: 26500 | T146: 26500 | V146: 0 | X146: 0
A147: Rivian | B147: _R1S | C147: PT00050050 | D147: NJ000692ABF20 | E147: 4.76 | G147: 22000 | H147: 30000 | J147: 30000 | L147: 26500 | N147: 26500 | P147: 26500 | R147: 26500 | T147: 26500 | V147: 0 | X147: 0
... A150: Rivian | B150: RPV_700_900 | C150: PT00058307 | D150: NJ000766AAF20 | E150: 7.96 | G150: 0 | H150: 4995.4109 | J150: 17515.652 | L150: 19615.145 | N150: 19571.993 | P150: 0 | R150: 0 | T150: 0 | V150: 0 | X150: 0
A151: Rivian | B151: RPV_700_900 | C151: PT00060327 | D151: NJ000770AAF20 | E151: 4.76 | F151: 16 | G151: 0 | H151: 4995.4109 | J151: 17515.652 | L151: 19615.145 | N151: 19571.993 | P151: 0 | R151: 0 | T151: 0 | V151: 0 | X151: 0
A152: Rivian | B152: RPV_700_900 | C152: PT00060325 | D152: NJ000768ABF20 | E152: 4.76 | F152: 17 | G152: 0 | H152: 4995.4109 | J152: 17515.652 | L152: 19615.145 | N152: 19571.993 | P152: 0 | R152: 0 | T152: 0 | V152: 0 | X152: 0
A153: Rivian | B153: RPV_500_700_900 | C153: PT00046471 | D153: NJ000759AAF20 | E153: 4.76 | F153: 7 | G153: 150 | H153: 15435.378 | J153: 37963.286 | L153: 39544.592 | N153: 35000 | P153: 0 | R153: 0 | T153: 0 | V153: 0 | X153: 0
A154: Rivian | B154: RPV_500_700_900 | C154: PT00046530 | D154: NJ000758AAF20 | E154: 4.76 | F154: 7 | G154: 0 | H154: 15435.378 | J154: 37963.286 | L154: 39544.592 | N154: 35000 | P154: 0 | R154: 0 | T154: 0 | V154: 0 | X154: 0
A155: Rivian | B155: RPV_500_700_900 | C155: PT00054001 | D155: NJ000760ABF20 | E155: 4.76 | F155: 6 | G155: 20400 | H155: 15435.378 | J155: 37963.286 | L155: 39544.592 | N155: 35000 | P155: 0 | R155: 0 | T155: 0 | V155: 0 | X155: 0
A156: Rivian | B156: RPV_500_700_900 | C156: PT00054002 | D156: NJ000761ABF20 | E156: 4.76 | F156: 3 | G156: 18900 | H156: 15435.378 | J156: 37963.286 | L156: 39544.592 | N156: 35000 | P156: 0 | R156: 0 | T156: 0 | V156: 0 | X156: 0
A157: Rivian | B157: RPV_500_700_900 | C157: PT00054003 | D157: NJ000762ABF20 | E157: 4.76 | F157: 5 | G157: 18900 | H157: 15435.378 | J157: 37963.286 | L157: 39544.592 | N157: 35000 | P157: 0 | R157: 0 | T157: 0 | V157: 0 | X157: 0
A158: Rivian | B158: RPV_500_700_900 | C158: PT00054004 | D158: NJ000763ABF20 | E158: 4.76 | F158: 3 | G158: 18600 | H158: 15435.378 | J158: 37963.286 | L158: 39544.592 | N158: 35000 | P158: 0 | R158: 0 | T158: 0 | V158: 0 | X158: 0
A159: Rivian | B159: RPV_500_700_900 | C159: PT00056123 | D159: NJ000764AAF20 | E159: 7.96 | G159: 0 | H159: 15435.378 | J159: 37963.286 | L159: 39544.592 | N159: 35000 | P159: 0 | R159: 0 | T159: 0 | V159: 0 | X159: 0
A160: Rivian | B160: RPV_500_700_900 | C160: PT00056126 | D160: NJ000765AAF20 | E160: 7.96 | G160: 0 | H160: 15435.378 | J160: 37963.286 | L160: 39544.592 | N160: 35000 | P160: 0 | R160: 0 | T160: 0 | V160: 0 | X160: 0
A161: Rivian | B161: RPV_500 | C161: PT00160898 | E161: 7.96 | F161: 8 per subassembly | G161: 0 | H161: 10439.968 | J161: 20447.634 | L161: 19929.446 | N161: 15428.007 | P161: 0 | R161: 0 | T161: 0 | V161: 0 | X161: 0
A162: Rivian | B162: RPV_500 | C162: PT00133951 | D162: NJ000776AAF20 | E162: 7.96 | F162: 3 | G162: 200 | H162: 10439.968 | J162: 20447.634 | L162: 19929.446 | N162: 15428.007 | P162: 0 | R162: 0 | T162: 0 | V162: 0 | X162: 0
A163: Rivian | B163: RPV_500 | C163: PT00133952 | D163: NJ000777AAF20 | E163: 7.96 | F163: 3 | G163: 200 | H163: 10439.968 | J163: 20447.634 | L163: 19929.446 | N163: 15428.007 | P163: 0 | R163: 0 | T163: 0 | V163: 0 | X163: 0
A164: Rivian | B164: RPV_500 | C164: PT00080218 | D164: NJ000771AAF20 | E164: 7.96 | G164: 14800 | H164: 10439.968 | J164: 20447.634 | L164: 19929.446 | N164: 15428.007 | P164: 0 | R164: 0 | T164: 0 | V164: 0 | X164: 0
A165: Rivian | B165: RPV_500 | C165: PT00043732 | D165: NJ000748AAF20 | E165: 4.76 | F165: 16 | G165: 14800 | H165: 10439.968 | J165: 20447.634 | L165: 19929.446 | N165: 15428.007 | P165: 0 | R165: 0 | T165: 0 | V165: 0 | X165: 0
A166: Rivian | B166: RPV_500 | C166: PT00043734 | D166: NJ000749AAF20 | E166: 4.76 | G166: 15600 | H166: 10439.968 | J166: 20447.634 | L166: 19929.446 | N166: 15428.007 | P166: 0 | R166: 0 | T166: 0 | V166: 0 | X166: 0
A167: Rivian | B167: RPV_500 | C167: PT00043737 | D167: NJ000751AAF20 | E167: 4.76 | F167: 17 | G167: 14660 | H167: 10439.968 | J167: 20447.634 | L167: 19929.446 | N167: 15428.007 | P167: 0 | R167: 0 | T167: 0 | V167: 0 | X167: 0
A168: Rivian | B168: RPV_500 | C168: PT00043735 | D168: NJ000750AAF20 | E168: 4.76 | G168: 15600 | H168: 10439.968 | J168: 20447.634 | L168: 19929.446 | N168: 15428.007 | P168: 0 | R168: 0 | T168: 0 | V168: 0 | X168: 0
A169: Rivian | B169: RPV_500 | C169: PT00046526 | D169: NJ000754AAF20 | E169: 4.76 | G169: 15600 | H169: 10439.968 | J169: 20447.634 | L169: 19929.446 | N169: 15428.007 | P169: 0 | R169: 0 | T169: 0 | V169: 0 | X169: 0
A170: Rivian | B170: RPV_500 | C170: PT00046528 | D170: NJ000756AAF20 | E170: 4.76 | G170: 15600 | H170: 10439.968 | J170: 20447.634 | L170: 19929.446 | N170: 15428.007 | P170: 0 | R170: 0 | T170: 0 | V170: 0 | X170: 0
A171: Rivian | B171: RPV_700 | C171: PT00046470 | D171: NJ000752ABF20 | E171: 4.76 | G171: 0 | H171: 4995.4109 | J171: 17515.652 | L171: 18600.696 | N171: 17571.993 | P171: 0 | R171: 0 | T171: 0 | V171: 0 | X171: 0
A172: Rivian | B172: RPV_700 | C172: PT00046472 | D172: NJ000753ABF20 | E172: 4.76 | G172: 0 | H172: 4995.4109 | J172: 17515.652 | L172: 18600.696 | N172: 17571.993 | P172: 0 | R172: 0 | T172: 0 | V172: 0 | X172: 0
A173: Rivian | B173: RPV_500 | C173: PT00113118 | E173: 4.76 | G173: 0 | H173: 10439.968 | J173: 20447.634 | L173: 19929.446 | N173: 15428.007 | P173: 0 | R173: 0 | T173: 0 | V173: 0 | X173: 0
A174: Rivian | B174: RPV_500 | C174: PT00113116 | E174: 4.76 | G174: 0 | H174: 10439.968 | J174: 20447.634 | L174: 19929.446 | N174: 15428.007 | P174: 0 | R174: 0 | T174: 0 | V174: 0 | X174: 0
A175: Rivian | B175: RPV_500 | C175: PT00113117 | E175: 4.76 | G175: 0 | H175: 10439.968 | J175: 20447.634 | L175: 19929.446 | N175: 15428.007 | P175: 0 | R175: 0 | T175: 0 | V175: 0 | X175: 0
A176: Rivian | B176: RPV_500 | C176: PT00113115 | E176: 4.76 | G176: 0 | H176: 10439.968 | J176: 20447.634 | L176: 19929.446 | N176: 15428.007 | P176: 0 | R176: 0 | T176: 0 | V176: 0 | X176: 0
A177: Volvo | B177: V431 | C177: 32312547 | D177: PB000464AAF20 | G177: 31 | H177: 1027 | J177: 0 | L177: 0 | N177: 0 | P177: 0 | R177: 0 | T177: 0 | V177: 0 | X177: 0
A178: Volvo | B178: V431 | C178: 32312587 | D178: PB000461AAF20 | G178: 17550 | H178: 18000 | J178: 0 | L178: 0 | N178: 0 | P178: 0 | R178: 0 | T178: 0 | V178: 0 | X178: 0
A179: Volvo | B179: V431 | C179: 32312586 | D179: PB000462AAF20 | G179: 810 | H179: 18000 | J179: 0 | L179: 0 | N179: 0 | P179: 0 | R179: 0 | T179: 0 | V179: 0 | X179: 0
...

Sheet Master Sheet
A1: CNC Machine # | G1: 2022 | K1: 2023 | O1: 2024 | S1: 2025 | W1: 2026 | AA1: 2027 | AE1: 2028 | AI1: 2029 | AM1: 2030 | AQ1: 2031 | AU1: 2032
A2: Customer Part Number | B2: Platform | C2: TI Part Number | D2: Tube Diamter | E2: # of Bends | F2: cyc time | G2: Actual Volume | H2: Customer Quoted Vol | I2: % to Actual | J2: % to Tool Note | K2: Actual Volume | L2: Customer Quoted Vol | M2: % to Actual | N2: % to Tool Note | O2: Actual Volume | P2: Customer Quoted Vol | Q2: % to Actual | R2: % to Tool Note | S2: Actual Volume | T2: Customer Quoted Vol | U2: % to Actual | V2: % to Tool Note | W2: Actual Volume | X2: Customer Quoted Vol | Y2: % to Actual | Z2: % to Tool Note | AA2: Actual Volume | AB2: Customer Quoted Vol | AC2: % to Actual | AD2: % to Tool Note | AE2: Actual Volume | AF2: Customer Quoted Vol | AG2: % to Actual | AH2: % to Tool Note | AI2: Actual Volume | AJ2: Customer Quoted Vol | AK2: % to Actual | AL2: % to Tool Note | AM2: Actual Volume | AN2: Customer Quoted Vol | AO2: % to Actual | AP2: % to Tool Note | AQ2: Actual Volume | AR2: Customer Quoted Vol | AS2: % to Actual | AT2: % to Tool Note | AU2: Actual Volume | AV2: Customer Quoted Vol | AW2: % to Actual | AX2: % to Tool Note
C3: =IFERROR(VLOOKUP(A3,'Parts List and Volumes'!C2:D194,2,FALSE),"") | D3: =IFERROR(IF(VLOOKUP($A3,'Parts List and Volumes'!$C2:$F266,3,FALSE)=0,"",VLOOKUP(A3,'Parts List and Volumes'!C2:F266,3,FALSE)),"") | E3: =IFERROR(IF(VLOOKUP($A3,'Parts List and Volumes'!$C2:$F266,4,FALSE)=0,"",VLOOKUP(B3,'Parts List and Volumes'!D2:G266,3,FALSE)),"") | G3: =IFERROR(VLOOKUP($A3,'Parts List and Volumes'!$C$2:$W194,5,FALSE),"") | H3: =IFERROR(VLOOKUP($A3,'Parts List and Volumes'!$C$2:$W194,6,FALSE),"") | I3: =IFERROR((($F3*G3)/FourHeadAssumption),"") | J3: =IFERROR((($F3*H3)/FourHeadAssumption),"") | K3: =IFERROR(VLOOKUP($A3,'Parts List and Volumes'!$C$2:$W194,7,FALSE),"") | L3: =IFERROR(VLOOKUP($A3,'Parts List and Volumes'!$C$2:$W194,8,FALSE),"") | M3: =IFERROR((($F3*K3)/FourHeadAssumption),"") | N3: =IFERROR((($F3*L3)/FourHeadAssumption),"") | O3: =IFERROR(VLOOKUP($A3,'Parts List and Volumes'!$C$2:$W194,9,FALSE),"") | P3: =IFERROR(VLOOKUP($A3,'Parts List and Volumes'!$C$2:$W194,10,FALSE),"") | Q3: =IFERROR((($F3*O3)/FourHeadAssumption),"") | R3: =IFERROR((($F3*P3)/FourHeadAssumption),"") | S3: =IFERROR(VLOOKUP($A3,'Parts List and Volumes'!$C$2:$W194,11,FALSE),"") | T3: =IFERROR(VLOOKUP($A3,'Parts List and Volumes'!$C$2:$W194,12,FALSE),"") | U3: =IFERROR((($F3*S3)/FourHeadAssumption),"") | V3: =IFERROR((($F3*T3)/FourHeadAssumption),"") | W3: =IFERROR(VLOOKUP($A3,'Parts List and Volumes'!$C$2:$W194,13,FALSE),"") | X3: =IFERROR(VLOOKUP($A3,'Parts List and Volumes'!$C$2:$W194,14,FALSE),"") | Y3: =IFERROR((($F3*W3)/FourHeadAssumption),"") | Z3: =IFERROR((($F3*X3)/FourHeadAssumption),"") | AA3: =IFERROR(VLOOKUP($A3,'Parts List and Volumes'!$C$2:$W194,15,FALSE),"") | AB3: =IFERROR(VLOOKUP($A3,'Parts List and Volumes'!$C$2:$W194,16,FALSE),"") | AC3: =IFERROR((($F3*AA3)/FourHeadAssumption),"") | AD3: =IFERROR((($F3*AB3)/FourHeadAssumption),"") | AE3: =IFERROR(VLOOKUP($A3,'Parts List and Volumes'!$C$2:$W194,17,FALSE),"") | AF3: =IFERROR(VLOOKUP($A3,'Parts List and Volumes'!$C$2:$W194,18,FALSE),"") | AG3: =IFERROR((($F3*AE3)/FourHeadAssumption),"") | AH3: =IFERROR((($F3*AF3)/FourHeadAssumption),"") | AI3: =IFERROR(VLOOKUP($A3,'Parts List and Volumes'!$C$2:$W194,19,FALSE),"") | AJ3: =IFERROR(VLOOKUP($A3,'Parts List and Volumes'!$C$2:$W194,20,FALSE),"") | AK3: =IFERROR((($F3*AI3)/FourHeadAssumption),"") | AL3: =IFERROR((($F3*AJ3)/FourHeadAssumption),"") | AM3: =IFERROR(VLOOKUP($A3,'Parts List and Volumes'!$C$2:$W194,21,FALSE),"") | AN3: =IFERROR(VLOOKUP($A3,'Parts List and Volumes'!$C$2:$W194,22,FALSE),"") | AO3: =IFERROR((($F3*AM3)/FourHeadAssumption),"") | AP3: =IFERROR((($F3*AN3)/FourHeadAssumption),"") | AQ3: =IFERROR(VLOOKUP($A3,'Parts List and Volumes'!$C$2:$W194,23,FALSE),"") | AR3: =IFERROR(VLOOKUP($A3,'Parts List and Volumes'!$C$2:$W194,24,FALSE),"") | AS3: =IFERROR((($F3*AQ3)/FourHeadAssumption),"") | AT3: =IFERROR((($F3*AR3)/FourHeadAssumption),"") | AU3: =IFERROR(VLOOKUP($A3,'Parts List and Volumes'!$C$2:$W194,25,FALSE),"") | AV3: =IFERROR(VLOOKUP($A3,'Parts List and Volumes'!$C$2:$W194,26,FALSE),"") | AW3: =IFERROR((($F3*AU3)/FourHeadAssumption),"") | AX3: =IFERROR((($F3*AV3)/FourHeadAssumption),"")
C4: =IFERROR(VLOOKUP(A4,'Parts List and Volumes'!C3:D195,2,FALSE),"") | D4: =IFERROR(IF(VLOOKUP($A4,'Parts List and Volumes'!$C3:$F266,3,FALSE)=0,"",VLOOKUP(A4,'Parts List and Volumes'!C3:F266,3,FALSE)),"") | E4: =IFERROR(IF(VLOOKUP($A4,'Parts List and Volumes'!$C3:$F266,4,FALSE)=0,"",VLOOKUP(B4,'Parts List and Volumes'!D3:G266,3,FALSE)),"") | G4: =IFERROR(VLOOKUP($A4,'Parts List and Volumes'!$C$2:$W195,5,FALSE),"") | H4: =IFERROR(VLOOKUP($A4,'Parts List and Volumes'!$C$2:$W195,6,FALSE),"") | I4: =IFERROR((($F4*G4)/FourHeadAssumption),"") | J4: =IFERROR((($F4*H4)/FourHeadAssumption),"") | K4: =IFERROR(VLOOKUP($A4,'Parts List and Volumes'!$C$2:$W195,7,FALSE),"") | L4: =IFERROR(VLOOKUP($A4,'Parts List and Volumes'!$C$2:$W195,8,FALSE),"") | M4: =IFERROR((($F4*K4)/FourHeadAssumption),"") | N4: =IFERROR((($F4*L4)/FourHeadAssumption),"") | O4: =IFERROR(VLOOKUP($A4,'Parts List and Volumes'!$C$2:$W195,9,FALSE),"") | P4: =IFERROR(VLOOKUP($A4,'Parts List and Volumes'!$C$2:$W195,10,FALSE),"") | Q4: =IFERROR((($F4*O4)/FourHeadAssumption),"") | R4: =IFERROR((($F4*P4)/FourHeadAssumption),"") | S4: =IFERROR(VLOOKUP($A4,'Parts List and Volumes'!$C$2:$W195,11,FALSE),"") | T4: =IFERROR(VLOOKUP($A4,'Parts List and Volumes'!$C$2:$W195,12,FALSE),"") | U4: =IFERROR((($F4*S4)/FourHeadAssumption),"") | V4: =IFERROR((($F4*T4)/FourHeadAssumption),"") | W4: =IFERROR(VLOOKUP($A4,'Parts List and Volumes'!$C$2:$W195,13,FALSE),"") | X4: =IFERROR(VLOOKUP($A4,'Parts List and Volumes'!$C$2:$W195,14,FALSE),"") | Y4: =IFERROR((($F4*W4)/FourHeadAssumption),"") | Z4: =IFERROR((($F4*X4)/FourHeadAssumption),"") | AA4: =IFERROR(VLOOKUP($A4,'Parts List and Volumes'!$C$2:$W195,15,FALSE),"") | AB4: =IFERROR(VLOOKUP($A4,'Parts List and Volumes'!$C$2:$W195,16,FALSE),"") | AC4: =IFERROR((($F4*AA4)/FourHeadAssumption),"") | AD4: =IFERROR((($F4*AB4)/FourHeadAssumption),"") | AE4: =IFERROR(VLOOKUP($A4,'Parts List and Volumes'!$C$2:$W195,17,FALSE),"") | AF4: =IFERROR(VLOOKUP($A4,'Parts List and Volumes'!$C$2:$W195,18,FALSE),"") | AG4: =IFERROR((($F4*AE4)/FourHeadAssumption),"") | AH4: =IFERROR((($F4*AF4)/FourHeadAssumption),"") | AI4: =IFERROR(VLOOKUP($A4,'Parts List and Volumes'!$C$2:$W195,19,FALSE),"") | AJ4: =IFERROR(VLOOKUP($A4,'Parts List and Volumes'!$C$2:$W195,20,FALSE),"") | AK4: =IFERROR((($F4*AI4)/FourHeadAssumption),"") | AL4: =IFERROR((($F4*AJ4)/FourHeadAssumption),"") | AM4: =IFERROR(VLOOKUP($A4,'Parts List and Volumes'!$C$2:$W195,21,FALSE),"") | AN4: =IFERROR(VLOOKUP($A4,'Parts List and Volumes'!$C$2:$W195,22,FALSE),"") | AO4: =IFERROR((($F4*AM4)/FourHeadAssumption),"") | AP4: =IFERROR((($F4*AN4)/FourHeadAssumption),"") | AQ4: =IFERROR(VLOOKUP($A4,'Parts List and Volumes'!$C$2:$W195,23,FALSE),"") | AR4: =IFERROR(VLOOKUP($A4,'Parts List and Volumes'!$C$2:$W195,24,FALSE),"") | AS4: =IFERROR((($F4*AQ4)/FourHeadAssumption),"") | AT4: =IFERROR((($F4*AR4)/FourHeadAssumption),"") | AU4: =IFERROR(VLOOKUP($A4,'Parts List and Volumes'!$C$2:$W195,25,FALSE),"") | AV4: =IFERROR(VLOOKUP($A4,'Parts List and Volumes'!$C$2:$W195,26,FALSE),"") | AW4: =IFERROR((($F4*AU4)/FourHeadAssumption),"") | AX4: =IFERROR((($F4*AV4)/FourHeadAssumption),"")
C5: =IFERROR(VLOOKUP(A5,'Parts List and Volumes'!C4:D196,2,FALSE),"") | D5: =IFERROR(IF(VLOOKUP($A5,'Parts List and Volumes'!$C4:$F266,3,FALSE)=0,"",VLOOKUP(A5,'Parts List and Volumes'!C4:F266,3,FALSE)),"") | E5: =IFERROR(IF(VLOOKUP($A5,'Parts List and Volumes'!$C4:$F266,4,FALSE)=0,"",VLOOKUP(B5,'Parts List and Volumes'!D4:G266,3,FALSE)),"") | G5: =IFERROR(VLOOKUP($A5,'Parts List and Volumes'!$C$2:$W196,5,FALSE),"") | H5: =IFERROR(VLOOKUP($A5,'Parts List and Volumes'!$C$2:$W196,6,FALSE),"") | I5: =IFERROR((($F5*G5)/FourHeadAssumption),"") | J5: =IFERROR((($F5*H5)/FourHeadAssumption),"") | K5: =IFERROR(VLOOKUP($A5,'Parts List and Volumes'!$C$2:$W196,7,FALSE),"") | L5: =IFERROR(VLOOKUP($A5,'Parts List and Volumes'!$C$2:$W196,8,FALSE),"") | M5: =IFERROR((($F5*K5)/FourHeadAssumption),"") | N5: =IFERROR((($F5*L5)/FourHeadAssumption),"") | O5: =IFERROR(VLOOKUP($A5,'Parts List and Volumes'!$C$2:$W196,9,FALSE),"") | P5: =IFERROR(VLOOKUP($A5,'Parts List and Volumes'!$C$2:$W196,10,FALSE),"") | Q5: =IFERROR((($F5*O5)/FourHeadAssumption),"") | R5: =IFERROR((($F5*P5)/FourHeadAssumption),"") | S5: =IFERROR(VLOOKUP($A5,'Parts List and Volumes'!$C$2:$W196,11,FALSE),"") | T5: =IFERROR(VLOOKUP($A5,'Parts List and Volumes'!$C$2:$W196,12,FALSE),"") | U5: =IFERROR((($F5*S5)/FourHeadAssumption),"") | V5: =IFERROR((($F5*T5)/FourHeadAssumption),"") | W5: =IFERROR(VLOOKUP($A5,'Parts List and Volumes'!$C$2:$W196,13,FALSE),"") | X5: =IFERROR(VLOOKUP($A5,'Parts List and Volumes'!$C$2:$W196,14,FALSE),"") | Y5: =IFERROR((($F5*W5)/FourHeadAssumption),"") | Z5: =IFERROR((($F5*X5)/FourHeadAssumption),"") | AA5: =IFERROR(VLOOKUP($A5,'Parts List and Volumes'!$C$2:$W196,15,FALSE),"") | AB5: =IFERROR(VLOOKUP($A5,'Parts List and Volumes'!$C$2:$W196,16,FALSE),"") | AC5: =IFERROR((($F5*AA5)/FourHeadAssumption),"") | AD5: =IFERROR((($F5*AB5)/FourHeadAssumption),"") | AE5: =IFERROR(VLOOKUP($A5,'Parts List and Volumes'!$C$2:$W196,17,FALSE),"") | AF5: =IFERROR(VLOOKUP($A5,'Parts List and Volumes'!$C$2:$W196,18,FALSE),"") | AG5: =IFERROR((($F5*AE5)/FourHeadAssumption),"") | AH5: =IFERROR((($F5*AF5)/FourHeadAssumption),"") | AI5: =IFERROR(VLOOKUP($A5,'Parts List and Volumes'!$C$2:$W196,19,FALSE),"") | AJ5: =IFERROR(VLOOKUP($A5,'Parts List and Volumes'!$C$2:$W196,20,FALSE),"") | AK5: =IFERROR((($F5*AI5)/FourHeadAssumption),"") | AL5: =IFERROR((($F5*AJ5)/FourHeadAssumption),"") | AM5: =IFERROR(VLOOKUP($A5,'Parts List and Volumes'!$C$2:$W196,21,FALSE),"") | AN5: =IFERROR(VLOOKUP($A5,'Parts List and Volumes'!$C$2:$W196,22,FALSE),"") | AO5: =IFERROR((($F5*AM5)/FourHeadAssumption),"") | AP5: =IFERROR((($F5*AN5)/FourHeadAssumption),"") | AQ5: =IFERROR(VLOOKUP($A5,'Parts List and Volumes'!$C$2:$W196,23,FALSE),"") | AR5: =IFERROR(VLOOKUP($A5,'Parts List and Volumes'!$C$2:$W196,24,FALSE),"") | AS5: =IFERROR((($F5*AQ5)/FourHeadAssumption),"") | AT5: =IFERROR((($F5*AR5)/FourHeadAssumption),"") | AU5: =IFERROR(VLOOKUP($A5,'Parts List and Volumes'!$C$2:$W196,25,FALSE),"") | AV5: =IFERROR(VLOOKUP($A5,'Parts List and Volumes'!$C$2:$W196,26,FALSE),"") | AW5: =IFERROR((($F5*AU5)/FourHeadAssumption),"") | AX5: =IFERROR((($F5*AV5)/FourHeadAssumption),"")
C6: =IFERROR(VLOOKUP(A6,'Parts List and Volumes'!C5:D197,2,FALSE),"") | D6: =IFERROR(IF(VLOOKUP($A6,'Parts List and Volumes'!$C5:$F266,3,FALSE)=0,"",VLOOKUP(A6,'Parts List and Volumes'!C5:F266,3,FALSE)),"") | E6: =IFERROR(IF(VLOOKUP($A6,'Parts List and Volumes'!$C5:$F266,4,FALSE)=0,"",VLOOKUP(B6,'Parts List and Volumes'!D5:G266,3,FALSE)),"") | G6: =IFERROR(VLOOKUP($A6,'Parts List and Volumes'!$C$2:$W197,5,FALSE),"") | H6: =IFERROR(VLOOKUP($A6,'Parts List and Volumes'!$C$2:$W197,6,FALSE),"") | I6: =IFERROR((($F6*G6)/FourHeadAssumption),"") | J6: =IFERROR((($F6*H6)/FourHeadAssumption),"") | K6: =IFERROR(VLOOKUP($A6,'Parts List and Volumes'!$C$2:$W197,7,FALSE),"") | L6: =IFERROR(VLOOKUP($A6,'Parts List and Volumes'!$C$2:$W197,8,FALSE),"") | M6: =IFERROR((($F6*K6)/FourHeadAssumption),"") | N6: =IFERROR((($F6*L6)/FourHeadAssumption),"") | O6: =IFERROR(VLOOKUP($A6,'Parts List and Volumes'!$C$2:$W197,9,FALSE),"") | P6: =IFERROR(VLOOKUP($A6,'Parts List and Volumes'!$C$2:$W197,10,FALSE),"") | Q6: =IFERROR((($F6*O6)/FourHeadAssumption),"") | R6: =IFERROR((($F6*P6)/FourHeadAssumption),"") | S6: =IFERROR(VLOOKUP($A6,'Parts List and Volumes'!$C$2:$W197,11,FALSE),"") | T6: =IFERROR(VLOOKUP($A6,'Parts List and Volumes'!$C$2:$W197,12,FALSE),"") | U6: =IFERROR((($F6*S6)/FourHeadAssumption),"") | V6: =IFERROR((($F6*T6)/FourHeadAssumption),"") | W6: =IFERROR(VLOOKUP($A6,'Parts List and Volumes'!$C$2:$W197,13,FALSE),"") | X6: =IFERROR(VLOOKUP($A6,'Parts List and Volumes'!$C$2:$W197,14,FALSE),"") | Y6: =IFERROR((($F6*W6)/FourHeadAssumption),"") | Z6: =IFERROR((($F6*X6)/FourHeadAssumption),"") | AA6: =IFERROR(VLOOKUP($A6,'Parts List and Volumes'!$C$2:$W197,15,FALSE),"") | AB6: =IFERROR(VLOOKUP($A6,'Parts List and Volumes'!$C$2:$W197,16,FALSE),"") | AC6: =IFERROR((($F6*AA6)/FourHeadAssumption),"") | AD6: =IFERROR((($F6*AB6)/FourHeadAssumption),"") | AE6: =IFERROR(VLOOKUP($A6,'Parts List and Volumes'!$C$2:$W197,17,FALSE),"") | AF6: =IFERROR(VLOOKUP($A6,'Parts List and Volumes'!$C$2:$W197,18,FALSE),"") | AG6: =IFERROR((($F6*AE6)/FourHeadAssumption),"") | AH6: =IFERROR((($F6*AF6)/FourHeadAssumption),"") | AI6: =IFERROR(VLOOKUP($A6,'Parts List and Volumes'!$C$2:$W197,19,FALSE),"") | AJ6: =IFERROR(VLOOKUP($A6,'Parts List and Volumes'!$C$2:$W197,20,FALSE),"") | AK6: =IFERROR((($F6*AI6)/FourHeadAssumption),"") | AL6: =IFERROR((($F6*AJ6)/FourHeadAssumption),"") | AM6: =IFERROR(VLOOKUP($A6,'Parts List and Volumes'!$C$2:$W197,21,FALSE),"") | AN6: =IFERROR(VLOOKUP($A6,'Parts List and Volumes'!$C$2:$W197,22,FALSE),"") | AO6: =IFERROR((($F6*AM6)/FourHeadAssumption),"") | AP6: =IFERROR((($F6*AN6)/FourHeadAssumption),"") | AQ6: =IFERROR(VLOOKUP($A6,'Parts List and Volumes'!$C$2:$W197,23,FALSE),"") | AR6: =IFERROR(VLOOKUP($A6,'Parts List and Volumes'!$C$2:$W197,24,FALSE),"") | AS6: =IFERROR((($F6*AQ6)/FourHeadAssumption),"") | AT6: =IFERROR((($F6*AR6)/FourHeadAssumption),"") | AU6: =IFERROR(VLOOKUP($A6,'Parts List and Volumes'!$C$2:$W197,25,FALSE),"") | AV6: =IFERROR(VLOOKUP($A6,'Parts List and Volumes'!$C$2:$W197,26,FALSE),"") | AW6: =IFERROR((($F6*AU6)/FourHeadAssumption),"") | AX6: =IFERROR((($F6*AV6)/FourHeadAssumption),"")
C7: =IFERROR(VLOOKUP(A7,'Parts List and Volumes'!C6:D198,2,FALSE),"") | D7: =IFERROR(IF(VLOOKUP($A7,'Parts List and Volumes'!$C6:$F266,3,FALSE)=0,"",VLOOKUP(A7,'Parts List and Volumes'!C6:F266,3,FALSE)),"") | E7: =IFERROR(IF(VLOOKUP($A7,'Parts List and Volumes'!$C6:$F266,4,FALSE)=0,"",VLOOKUP(B7,'Parts List and Volumes'!D6:G266,3,FALSE)),"") | G7: =IFERROR(VLOOKUP($A7,'Parts List and Volumes'!$C$2:$W198,5,FALSE),"") | H7: =IFERROR(VLOOKUP($A7,'Parts List and Volumes'!$C$2:$W198,6,FALSE),"") | I7: =IFERROR((($F7*G7)/FourHeadAssumption),"") | J7: =IFERROR((($F7*H7)/FourHeadAssumption),"") | K7: =IFERROR(VLOOKUP($A7,'Parts List and Volumes'!$C$2:$W198,7,FALSE),"") | L7: =IFERROR(VLOOKUP($A7,'Parts List and Volumes'!$C$2:$W198,8,FALSE),"") | M7: =IFERROR((($F7*K7)/FourHeadAssumption),"") | N7: =IFERROR((($F7*L7)/FourHeadAssumption),"") | O7: =IFERROR(VLOOKUP($A7,'Parts List and Volumes'!$C$2:$W198,9,FALSE),"") | P7: =IFERROR(VLOOKUP($A7,'Parts List and Volumes'!$C$2:$W198,10,FALSE),"") | Q7: =IFERROR((($F7*O7)/FourHeadAssumption),"") | R7: =IFERROR((($F7*P7)/FourHeadAssumption),"") | S7: =IFERROR(VLOOKUP($A7,'Parts List and Volumes'!$C$2:$W198,11,FALSE),"") | T7: =IFERROR(VLOOKUP($A7,'Parts List and Volumes'!$C$2:$W198,12,FALSE),"") | U7: =IFERROR((($F7*S7)/FourHeadAssumption),"") | V7: =IFERROR((($F7*T7)/FourHeadAssumption),"") | W7: =IFERROR(VLOOKUP($A7,'Parts List and Volumes'!$C$2:$W198,13,FALSE),"") | X7: =IFERROR(VLOOKUP($A7,'Parts List and Volumes'!$C$2:$W198,14,FALSE),"") | Y7: =IFERROR((($F7*W7)/FourHeadAssumption),"") | Z7: =IFERROR((($F7*X7)/FourHeadAssumption),"") | AA7: =IFERROR(VLOOKUP($A7,'Parts List and Volumes'!$C$2:$W198,15,FALSE),"") | AB7: =IFERROR(VLOOKUP($A7,'Parts List and Volumes'!$C$2:$W198,16,FALSE),"") | AC7: =IFERROR((($F7*AA7)/FourHeadAssumption),"") | AD7: =IFERROR((($F7*AB7)/FourHeadAssumption),"") | AE7: =IFERROR(VLOOKUP($A7,'Parts List and Volumes'!$C$2:$W198,17,FALSE),"") | AF7: =IFERROR(VLOOKUP($A7,'Parts List and Volumes'!$C$2:$W198,18,FALSE),"") | AG7: =IFERROR((($F7*AE7)/FourHeadAssumption),"") | AH7: =IFERROR((($F7*AF7)/FourHeadAssumption),"") | AI7: =IFERROR(VLOOKUP($A7,'Parts List and Volumes'!$C$2:$W198,19,FALSE),"") | AJ7: =IFERROR(VLOOKUP($A7,'Parts List and Volumes'!$C$2:$W198,20,FALSE),"") | AK7: =IFERROR((($F7*AI7)/FourHeadAssumption),"") | AL7: =IFERROR((($F7*AJ7)/FourHeadAssumption),"") | AM7: =IFERROR(VLOOKUP($A7,'Parts List and Volumes'!$C$2:$W198,21,FALSE),"") | AN7: =IFERROR(VLOOKUP($A7,'Parts List and Volumes'!$C$2:$W198,22,FALSE),"") | AO7: =IFERROR((($F7*AM7)/FourHeadAssumption),"") | AP7: =IFERROR((($F7*AN7)/FourHeadAssumption),"") | AQ7: =IFERROR(VLOOKUP($A7,'Parts List and Volumes'!$C$2:$W198,23,FALSE),"") | AR7: =IFERROR(VLOOKUP($A7,'Parts List and Volumes'!$C$2:$W198,24,FALSE),"") | AS7: =IFERROR((($F7*AQ7)/FourHeadAssumption),"") | AT7: =IFERROR((($F7*AR7)/FourHeadAssumption),"") | AU7: =IFERROR(VLOOKUP($A7,'Parts List and Volumes'!$C$2:$W198,25,FALSE),"") | AV7: =IFERROR(VLOOKUP($A7,'Parts List and Volumes'!$C$2:$W198,26,FALSE),"") | AW7: =IFERROR((($F7*AU7)/FourHeadAssumption),"") | AX7: =IFERROR((($F7*AV7)/FourHeadAssumption),"")
C8: =IFERROR(VLOOKUP(A8,'Parts List and Volumes'!C7:D199,2,FALSE),"") | D8: =IFERROR(IF(VLOOKUP($A8,'Parts List and Volumes'!$C7:$F266,3,FALSE)=0,"",VLOOKUP(A8,'Parts List and Volumes'!C7:F266,3,FALSE)),"") | E8: =IFERROR(IF(VLOOKUP($A8,'Parts List and Volumes'!$C7:$F266,4,FALSE)=0,"",VLOOKUP(B8,'Parts List and Volumes'!D7:G266,3,FALSE)),"") | G8: =IFERROR(VLOOKUP($A8,'Parts List and Volumes'!$C$2:$W199,5,FALSE),"") | H8: =IFERROR(VLOOKUP($A8,'Parts List and Volumes'!$C$2:$W199,6,FALSE),"") | I8: =IFERROR((($F8*G8)/FourHeadAssumption),"") | J8: =IFERROR((($F8*H8)/FourHeadAssumption),"") | K8: =IFERROR(VLOOKUP($A8,'Parts List and Volumes'!$C$2:$W199,7,FALSE),"") | L8: =IFERROR(VLOOKUP($A8,'Parts List and Volumes'!$C$2:$W199,8,FALSE),"") | M8: =IFERROR((($F8*K8)/FourHeadAssumption),"") | N8: =IFERROR((($F8*L8)/FourHeadAssumption),"") | O8: =IFERROR(VLOOKUP($A8,'Parts List and Volumes'!$C$2:$W199,9,FALSE),"") | P8: =IFERROR(VLOOKUP($A8,'Parts List and Volumes'!$C$2:$W199,10,FALSE),"") | Q8: =IFERROR((($F8*O8)/FourHeadAssumption),"") | R8: =IFERROR((($F8*P8)/FourHeadAssumption),"") | S8: =IFERROR(VLOOKUP($A8,'Parts List and Volumes'!$C$2:$W199,11,FALSE),"") | T8: =IFERROR(VLOOKUP($A8,'Parts List and Volumes'!$C$2:$W199,12,FALSE),"") | U8: =IFERROR((($F8*S8)/FourHeadAssumption),"") | V8: =IFERROR((($F8*T8)/FourHeadAssumption),"") | W8: =IFERROR(VLOOKUP($A8,'Parts List and Volumes'!$C$2:$W199,13,FALSE),"") | X8: =IFERROR(VLOOKUP($A8,'Parts List and Volumes'!$C$2:$W199,14,FALSE),"") | Y8: =IFERROR((($F8*W8)/FourHeadAssumption),"") | Z8: =IFERROR((($F8*X8)/FourHeadAssumption),"") | AA8: =IFERROR(VLOOKUP($A8,'Parts List and Volumes'!$C$2:$W199,15,FALSE),"") | AB8: =IFERROR(VLOOKUP($A8,'Parts List and Volumes'!$C$2:$W199,16,FALSE),"") | AC8: =IFERROR((($F8*AA8)/FourHeadAssumption),"") | AD8: =IFERROR((($F8*AB8)/FourHeadAssumption),"") | AE8: =IFERROR(VLOOKUP($A8,'Parts List and Volumes'!$C$2:$W199,17,FALSE),"") | AF8: =IFERROR(VLOOKUP($A8,'Parts List and Volumes'!$C$2:$W199,18,FALSE),"") | AG8: =IFERROR((($F8*AE8)/FourHeadAssumption),"") | AH8: =IFERROR((($F8*AF8)/FourHeadAssumption),"") | AI8: =IFERROR(VLOOKUP($A8,'Parts List and Volumes'!$C$2:$W199,19,FALSE),"") | AJ8: =IFERROR(VLOOKUP($A8,'Parts List and Volumes'!$C$2:$W199,20,FALSE),"") | AK8: =IFERROR((($F8*AI8)/FourHeadAssumption),"") | AL8: =IFERROR((($F8*AJ8)/FourHeadAssumption),"") | AM8: =IFERROR(VLOOKUP($A8,'Parts List and Volumes'!$C$2:$W199,21,FALSE),"") | AN8: =IFERROR(VLOOKUP($A8,'Parts List and Volumes'!$C$2:$W199,22,FALSE),"") | AO8: =IFERROR((($F8*AM8)/FourHeadAssumption),"") | AP8: =IFERROR((($F8*AN8)/FourHeadAssumption),"") | AQ8: =IFERROR(VLOOKUP($A8,'Parts List and Volumes'!$C$2:$W199,23,FALSE),"") | AR8: =IFERROR(VLOOKUP($A8,'Parts List and Volumes'!$C$2:$W199,24,FALSE),"") | AS8: =IFERROR((($F8*AQ8)/FourHeadAssumption),"") | AT8: =IFERROR((($F8*AR8)/FourHeadAssumption),"") | AU8: =IFERROR(VLOOKUP($A8,'Parts List and Volumes'!$C$2:$W199,25,FALSE),"") | AV8: =IFERROR(VLOOKUP($A8,'Parts List and Volumes'!$C$2:$W199,26,FALSE),"") | AW8: =IFERROR((($F8*AU8)/FourHeadAssumption),"") | AX8: =IFERROR((($F8*AV8)/FourHeadAssumption),"")
C9: =IFERROR(VLOOKUP(A9,'Parts List and Volumes'!C8:D200,2,FALSE),"") | D9: =IFERROR(IF(VLOOKUP($A9,'Parts List and Volumes'!$C8:$F266,3,FALSE)=0,"",VLOOKUP(A9,'Parts List and Volumes'!C8:F266,3,FALSE)),"") | E9: =IFERROR(IF(VLOOKUP($A9,'Parts List and Volumes'!$C8:$F266,4,FALSE)=0,"",VLOOKUP(B9,'Parts List and Volumes'!D8:G266,3,FALSE)),"") | G9: =IFERROR(VLOOKUP($A9,'Parts List and Volumes'!$C$2:$W200,5,FALSE),"") | H9: =IFERROR(VLOOKUP($A9,'Parts List and Volumes'!$C$2:$W200,6,FALSE),"") | I9: =IFERROR((($F9*G9)/FourHeadAssumption),"") | J9: =IFERROR((($F9*H9)/FourHeadAssumption),"") | K9: =IFERROR(VLOOKUP($A9,'Parts List and Volumes'!$C$2:$W200,7,FALSE),"") | L9: =IFERROR(VLOOKUP($A9,'Parts List and Volumes'!$C$2:$W200,8,FALSE),"") | M9: =IFERROR((($F9*K9)/FourHeadAssumption),"") | N9: =IFERROR((($F9*L9)/FourHeadAssumption),"") | O9: =IFERROR(VLOOKUP($A9,'Parts List and Volumes'!$C$2:$W200,9,FALSE),"") | P9: =IFERROR(VLOOKUP($A9,'Parts List and Volumes'!$C$2:$W200,10,FALSE),"") | Q9: =IFERROR((($F9*O9)/FourHeadAssumption),"") | R9: =IFERROR((($F9*P9)/FourHeadAssumption),"") | S9: =IFERROR(VLOOKUP($A9,'Parts List and Volumes'!$C$2:$W200,11,FALSE),"") | T9: =IFERROR(VLOOKUP($A9,'Parts List and Volumes'!$C$2:$W200,12,FALSE),"") | U9: =IFERROR((($F9*S9)/FourHeadAssumption),"") | V9: =IFERROR((($F9*T9)/FourHeadAssumption),"") | W9: =IFERROR(VLOOKUP($A9,'Parts List and Volumes'!$C$2:$W200,13,FALSE),"") | X9: =IFERROR(VLOOKUP($A9,'Parts List and Volumes'!$C$2:$W200,14,FALSE),"") | Y9: =IFERROR((($F9*W9)/FourHeadAssumption),"") | Z9: =IFERROR((($F9*X9)/FourHeadAssumption),"") | AA9: =IFERROR(VLOOKUP($A9,'Parts List and Volumes'!$C$2:$W200,15,FALSE),"") | AB9: =IFERROR(VLOOKUP($A9,'Parts List and Volumes'!$C$2:$W200,16,FALSE),"") | AC9: =IFERROR((($F9*AA9)/FourHeadAssumption),"") | AD9: =IFERROR((($F9*AB9)/FourHeadAssumption),"") | AE9: =IFERROR(VLOOKUP($A9,'Parts List and Volumes'!$C$2:$W200,17,FALSE),"") | AF9: =IFERROR(VLOOKUP($A9,'Parts List and Volumes'!$C$2:$W200,18,FALSE),"") | AG9: =IFERROR((($F9*AE9)/FourHeadAssumption),"") | AH9: =IFERROR((($F9*AF9)/FourHeadAssumption),"") | AI9: =IFERROR(VLOOKUP($A9,'Parts List and Volumes'!$C$2:$W200,19,FALSE),"") | AJ9: =IFERROR(VLOOKUP($A9,'Parts List and Volumes'!$C$2:$W200,20,FALSE),"") | AK9: =IFERROR((($F9*AI9)/FourHeadAssumption),"") | AL9: =IFERROR((($F9*AJ9)/FourHeadAssumption),"") | AM9: =IFERROR(VLOOKUP($A9,'Parts List and Volumes'!$C$2:$W200,21,FALSE),"") | AN9: =IFERROR(VLOOKUP($A9,'Parts List and Volumes'!$C$2:$W200,22,FALSE),"") | AO9: =IFERROR((($F9*AM9)/FourHeadAssumption),"") | AP9: =IFERROR((($F9*AN9)/FourHeadAssumption),"") | AQ9: =IFERROR(VLOOKUP($A9,'Parts List and Volumes'!$C$2:$W200,23,FALSE),"") | AR9: =IFERROR(VLOOKUP($A9,'Parts List and Volumes'!$C$2:$W200,24,FALSE),"") | AS9: =IFERROR((($F9*AQ9)/FourHeadAssumption),"") | AT9: =IFERROR((($F9*AR9)/FourHeadAssumption),"") | AU9: =IFERROR(VLOOKUP($A9,'Parts List and Volumes'!$C$2:$W200,25,FALSE),"") | AV9: =IFERROR(VLOOKUP($A9,'Parts List and Volumes'!$C$2:$W200,26,FALSE),"") | AW9: =IFERROR((($F9*AU9)/FourHeadAssumption),"") | AX9: =IFERROR((($F9*AV9)/FourHeadAssumption),"")
C10: =IFERROR(VLOOKUP(A10,'Parts List and Volumes'!C9:D201,2,FALSE),"") | D10: =IFERROR(IF(VLOOKUP($A10,'Parts List and Volumes'!$C9:$F266,3,FALSE)=0,"",VLOOKUP(A10,'Parts List and Volumes'!C9:F266,3,FALSE)),"") | E10: =IFERROR(IF(VLOOKUP($A10,'Parts List and Volumes'!$C9:$F266,4,FALSE)=0,"",VLOOKUP(B10,'Parts List and Volumes'!D9:G266,3,FALSE)),"") | G10: =IFERROR(VLOOKUP($A10,'Parts List and Volumes'!$C$2:$W201,5,FALSE),"") | H10: =IFERROR(VLOOKUP($A10,'Parts List and Volumes'!$C$2:$W201,6,FALSE),"") | I10: =IFERROR((($F10*G10)/FourHeadAssumption),"") | J10: =IFERROR((($F10*H10)/FourHeadAssumption),"") | K10: =IFERROR(VLOOKUP($A10,'Parts List and Volumes'!$C$2:$W201,7,FALSE),"") | L10: =IFERROR(VLOOKUP($A10,'Parts List and Volumes'!$C$2:$W201,8,FALSE),"") | M10: =IFERROR((($F10*K10)/FourHeadAssumption),"") | N10: =IFERROR((($F10*L10)/FourHeadAssumption),"") | O10: =IFERROR(VLOOKUP($A10,'Parts List and Volumes'!$C$2:$W201,9,FALSE),"") | P10: =IFERROR(VLOOKUP($A10,'Parts List and Volumes'!$C$2:$W201,10,FALSE),"") | Q10: =IFERROR((($F10*O10)/FourHeadAssumption),"") | R10: =IFERROR((($F10*P10)/FourHeadAssumption),"") | S10: =IFERROR(VLOOKUP($A10,'Parts List and Volumes'!$C$2:$W201,11,FALSE),"") | T10: =IFERROR(VLOOKUP($A10,'Parts List and Volumes'!$C$2:$W201,12,FALSE),"") | U10: =IFERROR((($F10*S10)/FourHeadAssumption),"") | V10: =IFERROR((($F10*T10)/FourHeadAssumption),"") | W10: =IFERROR(VLOOKUP($A10,'Parts List and Volumes'!$C$2:$W201,13,FALSE),"") | X10: =IFERROR(VLOOKUP($A10,'Parts List and Volumes'!$C$2:$W201,14,FALSE),"") | Y10: =IFERROR((($F10*W10)/FourHeadAssumption),"") | Z10: =IFERROR((($F10*X10)/FourHeadAssumption),"") | AA10: =IFERROR(VLOOKUP($A10,'Parts List and Volumes'!$C$2:$W201,15,FALSE),"") | AB10: =IFERROR(VLOOKUP($A10,'Parts List and Volumes'!$C$2:$W201,16,FALSE),"") | AC10: =IFERROR((($F10*AA10)/FourHeadAssumption),"") | AD10: =IFERROR((($F10*AB10)/FourHeadAssumption),"") | AE10: =IFERROR(VLOOKUP($A10,'Parts List and Volumes'!$C$2:$W201,17,FALSE),"") | AF10: =IFERROR(VLOOKUP($A10,'Parts List and Volumes'!$C$2:$W201,18,FALSE),"") | AG10: =IFERROR((($F10*AE10)/FourHeadAssumption),"") | AH10: =IFERROR((($F10*AF10)/FourHeadAssumption),"") | AI10: =IFERROR(VLOOKUP($A10,'Parts List and Volumes'!$C$2:$W201,19,FALSE),"") | AJ10: =IFERROR(VLOOKUP($A10,'Parts List and Volumes'!$C$2:$W201,20,FALSE),"") | AK10: =IFERROR((($F10*AI10)/FourHeadAssumption),"") | AL10: =IFERROR((($F10*AJ10)/FourHeadAssumption),"") | AM10: =IFERROR(VLOOKUP($A10,'Parts List and Volumes'!$C$2:$W201,21,FALSE),"") | AN10: =IFERROR(VLOOKUP($A10,'Parts List and Volumes'!$C$2:$W201,22,FALSE),"") | AO10: =IFERROR((($F10*AM10)/FourHeadAssumption),"") | AP10: =IFERROR((($F10*AN10)/FourHeadAssumption),"") | AQ10: =IFERROR(VLOOKUP($A10,'Parts List and Volumes'!$C$2:$W201,23,FALSE),"") | AR10: =IFERROR(VLOOKUP($A10,'Parts List and Volumes'!$C$2:$W201,24,FALSE),"") | AS10: =IFERROR((($F10*AQ10)/FourHeadAssumption),"") | AT10: =IFERROR((($F10*AR10)/FourHeadAssumption),"") | AU10: =IFERROR(VLOOKUP($A10,'Parts List and Volumes'!$C$2:$W201,25,FALSE),"") | AV10: =IFERROR(VLOOKUP($A10,'Parts List and Volumes'!$C$2:$W201,26,FALSE),"") | AW10: =IFERROR((($F10*AU10)/FourHeadAssumption),"") | AX10: =IFERROR((($F10*AV10)/FourHeadAssumption),"")
C11: =IFERROR(VLOOKUP(A11,'Parts List and Volumes'!C10:D202,2,FALSE),"") | D11: =IFERROR(IF(VLOOKUP($A11,'Parts List and Volumes'!$C10:$F266,3,FALSE)=0,"",VLOOKUP(A11,'Parts List and Volumes'!C10:F266,3,FALSE)),"") | E11: =IFERROR(IF(VLOOKUP($A11,'Parts List and Volumes'!$C10:$F266,4,FALSE)=0,"",VLOOKUP(B11,'Parts List and Volumes'!D10:G266,3,FALSE)),"") | G11: =IFERROR(VLOOKUP($A11,'Parts List and Volumes'!$C$2:$W202,5,FALSE),"") | H11: =IFERROR(VLOOKUP($A11,'Parts List and Volumes'!$C$2:$W202,6,FALSE),"") | I11: =IFERROR((($F11*G11)/FourHeadAssumption),"") | J11: =IFERROR((($F11*H11)/FourHeadAssumption),"") | K11: =IFERROR(VLOOKUP($A11,'Parts List and Volumes'!$C$2:$W202,7,FALSE),"") | L11: =IFERROR(VLOOKUP($A11,'Parts List and Volumes'!$C$2:$W202,8,FALSE),"") | M11: =IFERROR((($F11*K11)/FourHeadAssumption),"") | N11: =IFERROR((($F11*L11)/FourHeadAssumption),"") | O11: =IFERROR(VLOOKUP($A11,'Parts List and Volumes'!$C$2:$W202,9,FALSE),"") | P11: =IFERROR(VLOOKUP($A11,'Parts List and Volumes'!$C$2:$W202,10,FALSE),"") | Q11: =IFERROR((($F11*O11)/FourHeadAssumption),"") | R11: =IFERROR((($F11*P11)/FourHeadAssumption),"") | S11: =IFERROR(VLOOKUP($A11,'Parts List and Volumes'!$C$2:$W202,11,FALSE),"") | T11: =IFERROR(VLOOKUP($A11,'Parts List and Volumes'!$C$2:$W202,12,FALSE),"") | U11: =IFERROR((($F11*S11)/FourHeadAssumption),"") | V11: =IFERROR((($F11*T11)/FourHeadAssumption),"") | W11: =IFERROR(VLOOKUP($A11,'Parts List and Volumes'!$C$2:$W202,13,FALSE),"") | X11: =IFERROR(VLOOKUP($A11,'Parts List and Volumes'!$C$2:$W202,14,FALSE),"") | Y11: =IFERROR((($F11*W11)/FourHeadAssumption),"") | Z11: =IFERROR((($F11*X11)/FourHeadAssumption),"") | AA11: =IFERROR(VLOOKUP($A11,'Parts List and Volumes'!$C$2:$W202,15,FALSE),"") | AB11: =IFERROR(VLOOKUP($A11,'Parts List and Volumes'!$C$2:$W202,16,FALSE),"") | AC11: =IFERROR((($F11*AA11)/FourHeadAssumption),"") | AD11: =IFERROR((($F11*AB11)/FourHeadAssumption),"") | AE11: =IFERROR(VLOOKUP($A11,'Parts List and Volumes'!$C$2:$W202,17,FALSE),"") | AF11: =IFERROR(VLOOKUP($A11,'Parts List and Volumes'!$C$2:$W202,18,FALSE),"") | AG11: =IFERROR((($F11*AE11)/FourHeadAssumption),"") | AH11: =IFERROR((($F11*AF11)/FourHeadAssumption),"") | AI11: =IFERROR(VLOOKUP($A11,'Parts List and Volumes'!$C$2:$W202,19,FALSE),"") | AJ11: =IFERROR(VLOOKUP($A11,'Parts List and Volumes'!$C$2:$W202,20,FALSE),"") | AK11: =IFERROR((($F11*AI11)/FourHeadAssumption),"") | AL11: =IFERROR((($F11*AJ11)/FourHeadAssumption),"") | AM11: =IFERROR(VLOOKUP($A11,'Parts List and Volumes'!$C$2:$W202,21,FALSE),"") | AN11: =IFERROR(VLOOKUP($A11,'Parts List and Volumes'!$C$2:$W202,22,FALSE),"") | AO11: =IFERROR((($F11*AM11)/FourHeadAssumption),"") | AP11: =IFERROR((($F11*AN11)/FourHeadAssumption),"") | AQ11: =IFERROR(VLOOKUP($A11,'Parts List and Volumes'!$C$2:$W202,23,FALSE),"") | AR11: =IFERROR(VLOOKUP($A11,'Parts List and Volumes'!$C$2:$W202,24,FALSE),"") | AS11: =IFERROR((($F11*AQ11)/FourHeadAssumption),"") | AT11: =IFERROR((($F11*AR11)/FourHeadAssumption),"") | AU11: =IFERROR(VLOOKUP($A11,'Parts List and Volumes'!$C$2:$W202,25,FALSE),"") | AV11: =IFERROR(VLOOKUP($A11,'Parts List and Volumes'!$C$2:$W202,26,FALSE),"") | AW11: =IFERROR((($F11*AU11)/FourHeadAssumption),"") | AX11: =IFERROR((($F11*AV11)/FourHeadAssumption),"")
C12: =IFERROR(VLOOKUP(A12,'Parts List and Volumes'!C11:D203,2,FALSE),"") | D12: =IFERROR(IF(VLOOKUP($A12,'Parts List and Volumes'!$C11:$F266,3,FALSE)=0,"",VLOOKUP(A12,'Parts List and Volumes'!C11:F266,3,FALSE)),"") | E12: =IFERROR(IF(VLOOKUP($A12,'Parts List and Volumes'!$C11:$F266,4,FALSE)=0,"",VLOOKUP(B12,'Parts List and Volumes'!D11:G266,3,FALSE)),"") | G12: =IFERROR(VLOOKUP($A12,'Parts List and Volumes'!$C$2:$W203,5,FALSE),"") | H12: =IFERROR(VLOOKUP($A12,'Parts List and Volumes'!$C$2:$W203,6,FALSE),"") | I12: =IFERROR((($F12*G12)/FourHeadAssumption),"") | J12: =IFERROR((($F12*H12)/FourHeadAssumption),"") | K12: =IFERROR(VLOOKUP($A12,'Parts List and Volumes'!$C$2:$W203,7,FALSE),"") | L12: =IFERROR(VLOOKUP($A12,'Parts List and Volumes'!$C$2:$W203,8,FALSE),"") | M12: =IFERROR((($F12*K12)/FourHeadAssumption),"") | N12: =IFERROR((($F12*L12)/FourHeadAssumption),"") | O12: =IFERROR(VLOOKUP($A12,'Parts List and Volumes'!$C$2:$W203,9,FALSE),"") | P12: =IFERROR(VLOOKUP($A12,'Parts List and Volumes'!$C$2:$W203,10,FALSE),"") | Q12: =IFERROR((($F12*O12)/FourHeadAssumption),"") | R12: =IFERROR((($F12*P12)/FourHeadAssumption),"") | S12: =IFERROR(VLOOKUP($A12,'Parts List and Volumes'!$C$2:$W203,11,FALSE),"") | T12: =IFERROR(VLOOKUP($A12,'Parts List and Volumes'!$C$2:$W203,12,FALSE),"") | U12: =IFERROR((($F12*S12)/FourHeadAssumption),"") | V12: =IFERROR((($F12*T12)/FourHeadAssumption),"") | W12: =IFERROR(VLOOKUP($A12,'Parts List and Volumes'!$C$2:$W203,13,FALSE),"") | X12: =IFERROR(VLOOKUP($A12,'Parts List and Volumes'!$C$2:$W203,14,FALSE),"") | Y12: =IFERROR((($F12*W12)/FourHeadAssumption),"") | Z12: =IFERROR((($F12*X12)/FourHeadAssumption),"") | AA12: =IFERROR(VLOOKUP($A12,'Parts List and Volumes'!$C$2:$W203,15,FALSE),"") | AB12: =IFERROR(VLOOKUP($A12,'Parts List and Volumes'!$C$2:$W203,16,FALSE),"") | AC12: =IFERROR((($F12*AA12)/FourHeadAssumption),"") | AD12: =IFERROR((($F12*AB12)/FourHeadAssumption),"") | AE12: =IFERROR(VLOOKUP($A12,'Parts List and Volumes'!$C$2:$W203,17,FALSE),"") | AF12: =IFERROR(VLOOKUP($A12,'Parts List and Volumes'!$C$2:$W203,18,FALSE),"") | AG12: =IFERROR((($F12*AE12)/FourHeadAssumption),"") | AH12: =IFERROR((($F12*AF12)/FourHeadAssumption),"") | AI12: =IFERROR(VLOOKUP($A12,'Parts List and Volumes'!$C$2:$W203,19,FALSE),"") | AJ12: =IFERROR(VLOOKUP($A12,'Parts List and Volumes'!$C$2:$W203,20,FALSE),"") | AK12: =IFERROR((($F12*AI12)/FourHeadAssumption),"") | AL12: =IFERROR((($F12*AJ12)/FourHeadAssumption),"") | AM12: =IFERROR(VLOOKUP($A12,'Parts List and Volumes'!$C$2:$W203,21,FALSE),"") | AN12: =IFERROR(VLOOKUP($A12,'Parts List and Volumes'!$C$2:$W203,22,FALSE),"") | AO12: =IFERROR((($F12*AM12)/FourHeadAssumption),"") | AP12: =IFERROR((($F12*AN12)/FourHeadAssumption),"") | AQ12: =IFERROR(VLOOKUP($A12,'Parts List and Volumes'!$C$2:$W203,23,FALSE),"") | AR12: =IFERROR(VLOOKUP($A12,'Parts List and Volumes'!$C$2:$W203,24,FALSE),"") | AS12: =IFERROR((($F12*AQ12)/FourHeadAssumption),"") | AT12: =IFERROR((($F12*AR12)/FourHeadAssumption),"") | AU12: =IFERROR(VLOOKUP($A12,'Parts List and Volumes'!$C$2:$W203,25,FALSE),"") | AV12: =IFERROR(VLOOKUP($A12,'Parts List and Volumes'!$C$2:$W203,26,FALSE),"") | AW12: =IFERROR((($F12*AU12)/FourHeadAssumption),"") | AX12: =IFERROR((($F12*AV12)/FourHeadAssumption),"")
C13: =IFERROR(VLOOKUP(A13,'Parts List and Volumes'!C12:D204,2,FALSE),"") | D13: =IFERROR(IF(VLOOKUP($A13,'Parts List and Volumes'!$C12:$F267,3,FALSE)=0,"",VLOOKUP(A13,'Parts List and Volumes'!C12:F267,3,FALSE)),"") | E13: =IFERROR(IF(VLOOKUP($A13,'Parts List and Volumes'!$C12:$F267,4,FALSE)=0,"",VLOOKUP(B13,'Parts List and Volumes'!D12:G267,3,FALSE)),"") | G13: =IFERROR(VLOOKUP($A13,'Parts List and Volumes'!$C$2:$W204,5,FALSE),"") | H13: =IFERROR(VLOOKUP($A13,'Parts List and Volumes'!$C$2:$W204,6,FALSE),"") | I13: =IFERROR((($F13*G13)/FourHeadAssumption),"") | J13: =IFERROR((($F13*H13)/FourHeadAssumption),"") | K13: =IFERROR(VLOOKUP($A13,'Parts List and Volumes'!$C$2:$W204,7,FALSE),"") | L13: =IFERROR(VLOOKUP($A13,'Parts List and Volumes'!$C$2:$W204,8,FALSE),"") | M13: =IFERROR((($F13*K13)/FourHeadAssumption),"") | N13: =IFERROR((($F13*L13)/FourHeadAssumption),"") | O13: =IFERROR(VLOOKUP($A13,'Parts List and Volumes'!$C$2:$W204,9,FALSE),"") | P13: =IFERROR(VLOOKUP($A13,'Parts List and Volumes'!$C$2:$W204,10,FALSE),"") | Q13: =IFERROR((($F13*O13)/FourHeadAssumption),"") | R13: =IFERROR((($F13*P13)/FourHeadAssumption),"") | S13: =IFERROR(VLOOKUP($A13,'Parts List and Volumes'!$C$2:$W204,11,FALSE),"") | T13: =IFERROR(VLOOKUP($A13,'Parts List and Volumes'!$C$2:$W204,12,FALSE),"") | U13: =IFERROR((($F13*S13)/FourHeadAssumption),"") | V13: =IFERROR((($F13*T13)/FourHeadAssumption),"") | W13: =IFERROR(VLOOKUP($A13,'Parts List and Volumes'!$C$2:$W204,13,FALSE),"") | X13: =IFERROR(VLOOKUP($A13,'Parts List and Volumes'!$C$2:$W204,14,FALSE),"") | Y13: =IFERROR((($F13*W13)/FourHeadAssumption),"") | Z13: =IFERROR((($F13*X13)/FourHeadAssumption),"") | AA13: =IFERROR(VLOOKUP($A13,'Parts List and Volumes'!$C$2:$W204,15,FALSE),"") | AB13: =IFERROR(VLOOKUP($A13,'Parts List and Volumes'!$C$2:$W204,16,FALSE),"") | AC13: =IFERROR((($F13*AA13)/FourHeadAssumption),"") | AD13: =IFERROR((($F13*AB13)/FourHeadAssumption),"") | AE13: =IFERROR(VLOOKUP($A13,'Parts List and Volumes'!$C$2:$W204,17,FALSE),"") | AF13: =IFERROR(VLOOKUP($A13,'Parts List and Volumes'!$C$2:$W204,18,FALSE),"") | AG13: =IFERROR((($F13*AE13)/FourHeadAssumption),"") | AH13: =IFERROR((($F13*AF13)/FourHeadAssumption),"") | AI13: =IFERROR(VLOOKUP($A13,'Parts List and Volumes'!$C$2:$W204,19,FALSE),"") | AJ13: =IFERROR(VLOOKUP($A13,'Parts List and Volumes'!$C$2:$W204,20,FALSE),"") | AK13: =IFERROR((($F13*AI13)/FourHeadAssumption),"") | AL13: =IFERROR((($F13*AJ13)/FourHeadAssumption),"") | AM13: =IFERROR(VLOOKUP($A13,'Parts List and Volumes'!$C$2:$W204,21,FALSE),"") | AN13: =IFERROR(VLOOKUP($A13,'Parts List and Volumes'!$C$2:$W204,22,FALSE),"") | AO13: =IFERROR((($F13*AM13)/FourHeadAssumption),"") | AP13: =IFERROR((($F13*AN13)/FourHeadAssumption),"") | AQ13: =IFERROR(VLOOKUP($A13,'Parts List and Volumes'!$C$2:$W204,23,FALSE),"") | AR13: =IFERROR(VLOOKUP($A13,'Parts List and Volumes'!$C$2:$W204,24,FALSE),"") | AS13: =IFERROR((($F13*AQ13)/FourHeadAssumption),"") | AT13: =IFERROR((($F13*AR13)/FourHeadAssumption),"") | AU13: =IFERROR(VLOOKUP($A13,'Parts List and Volumes'!$C$2:$W204,25,FALSE),"") | AV13: =IFERROR(VLOOKUP($A13,'Parts List and Volumes'!$C$2:$W204,26,FALSE),"") | AW13: =IFERROR((($F13*AU13)/FourHeadAssumption),"") | AX13: =IFERROR((($F13*AV13)/FourHeadAssumption),"")
C14: =IFERROR(VLOOKUP(A14,'Parts List and Volumes'!C13:D205,2,FALSE),"") | D14: =IFERROR(IF(VLOOKUP($A14,'Parts List and Volumes'!$C13:$F268,3,FALSE)=0,"",VLOOKUP(A14,'Parts List and Volumes'!C13:F268,3,FALSE)),"") | E14: =IFERROR(IF(VLOOKUP($A14,'Parts List and Volumes'!$C13:$F268,4,FALSE)=0,"",VLOOKUP(B14,'Parts List and Volumes'!D13:G268,3,FALSE)),"") | G14: =IFERROR(VLOOKUP($A14,'Parts List and Volumes'!$C$2:$W205,5,FALSE),"") | H14: =IFERROR(VLOOKUP($A14,'Parts List and Volumes'!$C$2:$W205,6,FALSE),"") | I14: =IFERROR((($F14*G14)/FourHeadAssumption),"") | J14: =IFERROR((($F14*H14)/FourHeadAssumption),"") | K14: =IFERROR(VLOOKUP($A14,'Parts List and Volumes'!$C$2:$W205,7,FALSE),"") | L14: =IFERROR(VLOOKUP($A14,'Parts List and Volumes'!$C$2:$W205,8,FALSE),"") | M14: =IFERROR((($F14*K14)/FourHeadAssumption),"") | N14: =IFERROR((($F14*L14)/FourHeadAssumption),"") | O14: =IFERROR(VLOOKUP($A14,'Parts List and Volumes'!$C$2:$W205,9,FALSE),"") | P14: =IFERROR(VLOOKUP($A14,'Parts List and Volumes'!$C$2:$W205,10,FALSE),"") | Q14: =IFERROR((($F14*O14)/FourHeadAssumption),"") | R14: =IFERROR((($F14*P14)/FourHeadAssumption),"") | S14: =IFERROR(VLOOKUP($A14,'Parts List and Volumes'!$C$2:$W205,11,FALSE),"") | T14: =IFERROR(VLOOKUP($A14,'Parts List and Volumes'!$C$2:$W205,12,FALSE),"") | U14: =IFERROR((($F14*S14)/FourHeadAssumption),"") | V14: =IFERROR((($F14*T14)/FourHeadAssumption),"") | W14: =IFERROR(VLOOKUP($A14,'Parts List and Volumes'!$C$2:$W205,13,FALSE),"") | X14: =IFERROR(VLOOKUP($A14,'Parts List and Volumes'!$C$2:$W205,14,FALSE),"") | Y14: =IFERROR((($F14*W14)/FourHeadAssumption),"") | Z14: =IFERROR((($F14*X14)/FourHeadAssumption),"") | AA14: =IFERROR(VLOOKUP($A14,'Parts List and Volumes'!$C$2:$W205,15,FALSE),"") | AB14: =IFERROR(VLOOKUP($A14,'Parts List and Volumes'!$C$2:$W205,16,FALSE),"") | AC14: =IFERROR((($F14*AA14)/FourHeadAssumption),"") | AD14: =IFERROR((($F14*AB14)/FourHeadAssumption),"") | AE14: =IFERROR(VLOOKUP($A14,'Parts List and Volumes'!$C$2:$W205,17,FALSE),"") | AF14: =IFERROR(VLOOKUP($A14,'Parts List and Volumes'!$C$2:$W205,18,FALSE),"") | AG14: =IFERROR((($F14*AE14)/FourHeadAssumption),"") | AH14: =IFERROR((($F14*AF14)/FourHeadAssumption),"") | AI14: =IFERROR(VLOOKUP($A14,'Parts List and Volumes'!$C$2:$W205,19,FALSE),"") | AJ14: =IFERROR(VLOOKUP($A14,'Parts List and Volumes'!$C$2:$W205,20,FALSE),"") | AK14: =IFERROR((($F14*AI14)/FourHeadAssumption),"") | AL14: =IFERROR((($F14*AJ14)/FourHeadAssumption),"") | AM14: =IFERROR(VLOOKUP($A14,'Parts List and Volumes'!$C$2:$W205,21,FALSE),"") | AN14: =IFERROR(VLOOKUP($A14,'Parts List and Volumes'!$C$2:$W205,22,FALSE),"") | AO14: =IFERROR((($F14*AM14)/FourHeadAssumption),"") | AP14: =IFERROR((($F14*AN14)/FourHeadAssumption),"") | AQ14: =IFERROR(VLOOKUP($A14,'Parts List and Volumes'!$C$2:$W205,23,FALSE),"") | AR14: =IFERROR(VLOOKUP($A14,'Parts List and Volumes'!$C$2:$W205,24,FALSE),"") | AS14: =IFERROR((($F14*AQ14)/FourHeadAssumption),"") | AT14: =IFERROR((($F14*AR14)/FourHeadAssumption),"") | AU14: =IFERROR(VLOOKUP($A14,'Parts List and Volumes'!$C$2:$W205,25,FALSE),"") | AV14: =IFERROR(VLOOKUP($A14,'Parts List and Volumes'!$C$2:$W205,26,FALSE),"") | AW14: =IFERROR((($F14*AU14)/FourHeadAssumption),"") | AX14: =IFERROR((($F14*AV14)/FourHeadAssumption),"")
C15: =IFERROR(VLOOKUP(A15,'Parts List and Volumes'!C14:D206,2,FALSE),"") | D15: =IFERROR(IF(VLOOKUP($A15,'Parts List and Volumes'!$C14:$F269,3,FALSE)=0,"",VLOOKUP(A15,'Parts List and Volumes'!C14:F269,3,FALSE)),"") | E15: =IFERROR(IF(VLOOKUP($A15,'Parts List and Volumes'!$C14:$F269,4,FALSE)=0,"",VLOOKUP(B15,'Parts List and Volumes'!D14:G269,3,FALSE)),"") | G15: =IFERROR(VLOOKUP($A15,'Parts List and Volumes'!$C$2:$W206,5,FALSE),"") | H15: =IFERROR(VLOOKUP($A15,'Parts List and Volumes'!$C$2:$W206,6,FALSE),"") | I15: =IFERROR((($F15*G15)/FourHeadAssumption),"") | J15: =IFERROR((($F15*H15)/FourHeadAssumption),"") | K15: =IFERROR(VLOOKUP($A15,'Parts List and Volumes'!$C$2:$W206,7,FALSE),"") | L15: =IFERROR(VLOOKUP($A15,'Parts List and Volumes'!$C$2:$W206,8,FALSE),"") | M15: =IFERROR((($F15*K15)/FourHeadAssumption),"") | N15: =IFERROR((($F15*L15)/FourHeadAssumption),"") | O15: =IFERROR(VLOOKUP($A15,'Parts List and Volumes'!$C$2:$W206,9,FALSE),"") | P15: =IFERROR(VLOOKUP($A15,'Parts List and Volumes'!$C$2:$W206,10,FALSE),"") | Q15: =IFERROR((($F15*O15)/FourHeadAssumption),"") | R15: =IFERROR((($F15*P15)/FourHeadAssumption),"") | S15: =IFERROR(VLOOKUP($A15,'Parts List and Volumes'!$C$2:$W206,11,FALSE),"") | T15: =IFERROR(VLOOKUP($A15,'Parts List and Volumes'!$C$2:$W206,12,FALSE),"") | U15: =IFERROR((($F15*S15)/FourHeadAssumption),"") | V15: =IFERROR((($F15*T15)/FourHeadAssumption),"") | W15: =IFERROR(VLOOKUP($A15,'Parts List and Volumes'!$C$2:$W206,13,FALSE),"") | X15: =IFERROR(VLOOKUP($A15,'Parts List and Volumes'!$C$2:$W206,14,FALSE),"") | Y15: =IFERROR((($F15*W15)/FourHeadAssumption),"") | Z15: =IFERROR((($F15*X15)/FourHeadAssumption),"") | AA15: =IFERROR(VLOOKUP($A15,'Parts List and Volumes'!$C$2:$W206,15,FALSE),"") | AB15: =IFERROR(VLOOKUP($A15,'Parts List and Volumes'!$C$2:$W206,16,FALSE),"") | AC15: =IFERROR((($F15*AA15)/FourHeadAssumption),"") | AD15: =IFERROR((($F15*AB15)/FourHeadAssumption),"") | AE15: =IFERROR(VLOOKUP($A15,'Parts List and Volumes'!$C$2:$W206,17,FALSE),"") | AF15: =IFERROR(VLOOKUP($A15,'Parts List and Volumes'!$C$2:$W206,18,FALSE),"") | AG15: =IFERROR((($F15*AE15)/FourHeadAssumption),"") | AH15: =IFERROR((($F15*AF15)/FourHeadAssumption),"") | AI15: =IFERROR(VLOOKUP($A15,'Parts List and Volumes'!$C$2:$W206,19,FALSE),"") | AJ15: =IFERROR(VLOOKUP($A15,'Parts List and Volumes'!$C$2:$W206,20,FALSE),"") | AK15: =IFERROR((($F15*AI15)/FourHeadAssumption),"") | AL15: =IFERROR((($F15*AJ15)/FourHeadAssumption),"") | AM15: =IFERROR(VLOOKUP($A15,'Parts List and Volumes'!$C$2:$W206,21,FALSE),"") | AN15: =IFERROR(VLOOKUP($A15,'Parts List and Volumes'!$C$2:$W206,22,FALSE),"") | AO15: =IFERROR((($F15*AM15)/FourHeadAssumption),"") | AP15: =IFERROR((($F15*AN15)/FourHeadAssumption),"") | AQ15: =IFERROR(VLOOKUP($A15,'Parts List and Volumes'!$C$2:$W206,23,FALSE),"") | AR15: =IFERROR(VLOOKUP($A15,'Parts List and Volumes'!$C$2:$W206,24,FALSE),"") | AS15: =IFERROR((($F15*AQ15)/FourHeadAssumption),"") | AT15: =IFERROR((($F15*AR15)/FourHeadAssumption),"") | AU15: =IFERROR(VLOOKUP($A15,'Parts List and Volumes'!$C$2:$W206,25,FALSE),"") | AV15: =IFERROR(VLOOKUP($A15,'Parts List and Volumes'!$C$2:$W206,26,FALSE),"") | AW15: =IFERROR((($F15*AU15)/FourHeadAssumption),"") | AX15: =IFERROR((($F15*AV15)/FourHeadAssumption),"")
C16: =IFERROR(VLOOKUP(A16,'Parts List and Volumes'!C15:D207,2,FALSE),"") | D16: =IFERROR(IF(VLOOKUP($A16,'Parts List and Volumes'!$C15:$F270,3,FALSE)=0,"",VLOOKUP(A16,'Parts List and Volumes'!C15:F270,3,FALSE)),"") | E16: =IFERROR(IF(VLOOKUP($A16,'Parts List and Volumes'!$C15:$F270,4,FALSE)=0,"",VLOOKUP(B16,'Parts List and Volumes'!D15:G270,3,FALSE)),"") | G16: =IFERROR(VLOOKUP($A16,'Parts List and Volumes'!$C$2:$W207,5,FALSE),"") | H16: =IFERROR(VLOOKUP($A16,'Parts List and Volumes'!$C$2:$W207,6,FALSE),"") | I16: =IFERROR((($F16*G16)/FourHeadAssumption),"") | J16: =IFERROR((($F16*H16)/FourHeadAssumption),"") | K16: =IFERROR(VLOOKUP($A16,'Parts List and Volumes'!$C$2:$W207,7,FALSE),"") | L16: =IFERROR(VLOOKUP($A16,'Parts List and Volumes'!$C$2:$W207,8,FALSE),"") | M16: =IFERROR((($F16*K16)/FourHeadAssumption),"") | N16: =IFERROR((($F16*L16)/FourHeadAssumption),"") | O16: =IFERROR(VLOOKUP($A16,'Parts List and Volumes'!$C$2:$W207,9,FALSE),"") | P16: =IFERROR(VLOOKUP($A16,'Parts List and Volumes'!$C$2:$W207,10,FALSE),"") | Q16: =IFERROR((($F16*O16)/FourHeadAssumption),"") | R16: =IFERROR((($F16*P16)/FourHeadAssumption),"") | S16: =IFERROR(VLOOKUP($A16,'Parts List and Volumes'!$C$2:$W207,11,FALSE),"") | T16: =IFERROR(VLOOKUP($A16,'Parts List and Volumes'!$C$2:$W207,12,FALSE),"") | U16: =IFERROR((($F16*S16)/FourHeadAssumption),"") | V16: =IFERROR((($F16*T16)/FourHeadAssumption),"") | W16: =IFERROR(VLOOKUP($A16,'Parts List and Volumes'!$C$2:$W207,13,FALSE),"") | X16: =IFERROR(VLOOKUP($A16,'Parts List and Volumes'!$C$2:$W207,14,FALSE),"") | Y16: =IFERROR((($F16*W16)/FourHeadAssumption),"") | Z16: =IFERROR((($F16*X16)/FourHeadAssumption),"") | AA16: =IFERROR(VLOOKUP($A16,'Parts List and Volumes'!$C$2:$W207,15,FALSE),"") | AB16: =IFERROR(VLOOKUP($A16,'Parts List and Volumes'!$C$2:$W207,16,FALSE),"") | AC16: =IFERROR((($F16*AA16)/FourHeadAssumption),"") | AD16: =IFERROR((($F16*AB16)/FourHeadAssumption),"") | AE16: =IFERROR(VLOOKUP($A16,'Parts List and Volumes'!$C$2:$W207,17,FALSE),"") | AF16: =IFERROR(VLOOKUP($A16,'Parts List and Volumes'!$C$2:$W207,18,FALSE),"") | AG16: =IFERROR((($F16*AE16)/FourHeadAssumption),"") | AH16: =IFERROR((($F16*AF16)/FourHeadAssumption),"") | AI16: =IFERROR(VLOOKUP($A16,'Parts List and Volumes'!$C$2:$W207,19,FALSE),"") | AJ16: =IFERROR(VLOOKUP($A16,'Parts List and Volumes'!$C$2:$W207,20,FALSE),"") | AK16: =IFERROR((($F16*AI16)/FourHeadAssumption),"") | AL16: =IFERROR((($F16*AJ16)/FourHeadAssumption),"") | AM16: =IFERROR(VLOOKUP($A16,'Parts List and Volumes'!$C$2:$W207,21,FALSE),"") | AN16: =IFERROR(VLOOKUP($A16,'Parts List and Volumes'!$C$2:$W207,22,FALSE),"") | AO16: =IFERROR((($F16*AM16)/FourHeadAssumption),"") | AP16: =IFERROR((($F16*AN16)/FourHeadAssumption),"") | AQ16: =IFERROR(VLOOKUP($A16,'Parts List and Volumes'!$C$2:$W207,23,FALSE),"") | AR16: =IFERROR(VLOOKUP($A16,'Parts List and Volumes'!$C$2:$W207,24,FALSE),"") | AS16: =IFERROR((($F16*AQ16)/FourHeadAssumption),"") | AT16: =IFERROR((($F16*AR16)/FourHeadAssumption),"") | AU16: =IFERROR(VLOOKUP($A16,'Parts List and Volumes'!$C$2:$W207,25,FALSE),"") | AV16: =IFERROR(VLOOKUP($A16,'Parts List and Volumes'!$C$2:$W207,26,FALSE),"") | AW16: =IFERROR((($F16*AU16)/FourHeadAssumption),"") | AX16: =IFERROR((($F16*AV16)/FourHeadAssumption),"")
C17: =IFERROR(VLOOKUP(A17,'Parts List and Volumes'!C16:D208,2,FALSE),"") | D17: =IFERROR(IF(VLOOKUP($A17,'Parts List and Volumes'!$C16:$F271,3,FALSE)=0,"",VLOOKUP(A17,'Parts List and Volumes'!C16:F271,3,FALSE)),"") | E17: =IFERROR(IF(VLOOKUP($A17,'Parts List and Volumes'!$C16:$F271,4,FALSE)=0,"",VLOOKUP(B17,'Parts List and Volumes'!D16:G271,3,FALSE)),"") | G17: =IFERROR(VLOOKUP($A17,'Parts List and Volumes'!$C$2:$W208,5,FALSE),"") | H17: =IFERROR(VLOOKUP($A17,'Parts List and Volumes'!$C$2:$W208,6,FALSE),"") | I17: =IFERROR((($F17*G17)/FourHeadAssumption),"") | J17: =IFERROR((($F17*H17)/FourHeadAssumption),"") | K17: =IFERROR(VLOOKUP($A17,'Parts List and Volumes'!$C$2:$W208,7,FALSE),"") | L17: =IFERROR(VLOOKUP($A17,'Parts List and Volumes'!$C$2:$W208,8,FALSE),"") | M17: =IFERROR((($F17*K17)/FourHeadAssumption),"") | N17: =IFERROR((($F17*L17)/FourHeadAssumption),"") | O17: =IFERROR(VLOOKUP($A17,'Parts List and Volumes'!$C$2:$W208,9,FALSE),"") | P17: =IFERROR(VLOOKUP($A17,'Parts List and Volumes'!$C$2:$W208,10,FALSE),"") | Q17: =IFERROR((($F17*O17)/FourHeadAssumption),"") | R17: =IFERROR((($F17*P17)/FourHeadAssumption),"") | S17: =IFERROR(VLOOKUP($A17,'Parts List and Volumes'!$C$2:$W208,11,FALSE),"") | T17: =IFERROR(VLOOKUP($A17,'Parts List and Volumes'!$C$2:$W208,12,FALSE),"") | U17: =IFERROR((($F17*S17)/FourHeadAssumption),"") | V17: =IFERROR((($F17*T17)/FourHeadAssumption),"") | W17: =IFERROR(VLOOKUP($A17,'Parts List and Volumes'!$C$2:$W208,13,FALSE),"") | X17: =IFERROR(VLOOKUP($A17,'Parts List and Volumes'!$C$2:$W208,14,FALSE),"") | Y17: =IFERROR((($F17*W17)/FourHeadAssumption),"") | Z17: =IFERROR((($F17*X17)/FourHeadAssumption),"") | AA17: =IFERROR(VLOOKUP($A17,'Parts List and Volumes'!$C$2:$W208,15,FALSE),"") | AB17: =IFERROR(VLOOKUP($A17,'Parts List and Volumes'!$C$2:$W208,16,FALSE),"") | AC17: =IFERROR((($F17*AA17)/FourHeadAssumption),"") | AD17: =IFERROR((($F17*AB17)/FourHeadAssumption),"") | AE17: =IFERROR(VLOOKUP($A17,'Parts List and Volumes'!$C$2:$W208,17,FALSE),"") | AF17: =IFERROR(VLOOKUP($A17,'Parts List and Volumes'!$C$2:$W208,18,FALSE),"") | AG17: =IFERROR((($F17*AE17)/FourHeadAssumption),"") | AH17: =IFERROR((($F17*AF17)/FourHeadAssumption),"") | AI17: =IFERROR(VLOOKUP($A17,'Parts List and Volumes'!$C$2:$W208,19,FALSE),"") | AJ17: =IFERROR(VLOOKUP($A17,'Parts List and Volumes'!$C$2:$W208,20,FALSE),"") | AK17: =IFERROR((($F17*AI17)/FourHeadAssumption),"") | AL17: =IFERROR((($F17*AJ17)/FourHeadAssumption),"") | AM17: =IFERROR(VLOOKUP($A17,'Parts List and Volumes'!$C$2:$W208,21,FALSE),"") | AN17: =IFERROR(VLOOKUP($A17,'Parts List and Volumes'!$C$2:$W208,22,FALSE),"") | AO17: =IFERROR((($F17*AM17)/FourHeadAssumption),"") | AP17: =IFERROR((($F17*AN17)/FourHeadAssumption),"") | AQ17: =IFERROR(VLOOKUP($A17,'Parts List and Volumes'!$C$2:$W208,23,FALSE),"") | AR17: =IFERROR(VLOOKUP($A17,'Parts List and Volumes'!$C$2:$W208,24,FALSE),"") | AS17: =IFERROR((($F17*AQ17)/FourHeadAssumption),"") | AT17: =IFERROR((($F17*AR17)/FourHeadAssumption),"") | AU17: =IFERROR(VLOOKUP($A17,'Parts List and Volumes'!$C$2:$W208,25,FALSE),"") | AV17: =IFERROR(VLOOKUP($A17,'Parts List and Volumes'!$C$2:$W208,26,FALSE),"") | AW17: =IFERROR((($F17*AU17)/FourHeadAssumption),"") | AX17: =IFERROR((($F17*AV17)/FourHeadAssumption),"")
C18: =IFERROR(VLOOKUP(A18,'Parts List and Volumes'!C17:D209,2,FALSE),"") | D18: =IFERROR(IF(VLOOKUP($A18,'Parts List and Volumes'!$C17:$F272,3,FALSE)=0,"",VLOOKUP(A18,'Parts List and Volumes'!C17:F272,3,FALSE)),"") | E18: =IFERROR(IF(VLOOKUP($A18,'Parts List and Volumes'!$C17:$F272,4,FALSE)=0,"",VLOOKUP(B18,'Parts List and Volumes'!D17:G272,3,FALSE)),"") | G18: =IFERROR(VLOOKUP($A18,'Parts List and Volumes'!$C$2:$W209,5,FALSE),"") | H18: =IFERROR(VLOOKUP($A18,'Parts List and Volumes'!$C$2:$W209,6,FALSE),"") | I18: =IFERROR((($F18*G18)/FourHeadAssumption),"") | J18: =IFERROR((($F18*H18)/FourHeadAssumption),"") | K18: =IFERROR(VLOOKUP($A18,'Parts List and Volumes'!$C$2:$W209,7,FALSE),"") | L18: =IFERROR(VLOOKUP($A18,'Parts List and Volumes'!$C$2:$W209,8,FALSE),"") | M18: =IFERROR((($F18*K18)/FourHeadAssumption),"") | N18: =IFERROR((($F18*L18)/FourHeadAssumption),"") | O18: =IFERROR(VLOOKUP($A18,'Parts List and Volumes'!$C$2:$W209,9,FALSE),"") | P18: =IFERROR(VLOOKUP($A18,'Parts List and Volumes'!$C$2:$W209,10,FALSE),"") | Q18: =IFERROR((($F18*O18)/FourHeadAssumption),"") | R18: =IFERROR((($F18*P18)/FourHeadAssumption),"") | S18: =IFERROR(VLOOKUP($A18,'Parts List and Volumes'!$C$2:$W209,11,FALSE),"") | T18: =IFERROR(VLOOKUP($A18,'Parts List and Volumes'!$C$2:$W209,12,FALSE),"") | U18: =IFERROR((($F18*S18)/FourHeadAssumption),"") | V18: =IFERROR((($F18*T18)/FourHeadAssumption),"") | W18: =IFERROR(VLOOKUP($A18,'Parts List and Volumes'!$C$2:$W209,13,FALSE),"") | X18: =IFERROR(VLOOKUP($A18,'Parts List and Volumes'!$C$2:$W209,14,FALSE),"") | Y18: =IFERROR((($F18*W18)/FourHeadAssumption),"") | Z18: =IFERROR((($F18*X18)/FourHeadAssumption),"") | AA18: =IFERROR(VLOOKUP($A18,'Parts List and Volumes'!$C$2:$W209,15,FALSE),"") | AB18: =IFERROR(VLOOKUP($A18,'Parts List and Volumes'!$C$2:$W209,16,FALSE),"") | AC18: =IFERROR((($F18*AA18)/FourHeadAssumption),"") | AD18: =IFERROR((($F18*AB18)/FourHeadAssumption),"") | AE18: =IFERROR(VLOOKUP($A18,'Parts List and Volumes'!$C$2:$W209,17,FALSE),"") | AF18: =IFERROR(VLOOKUP($A18,'Parts List and Volumes'!$C$2:$W209,18,FALSE),"") | AG18: =IFERROR((($F18*AE18)/FourHeadAssumption),"") | AH18: =IFERROR((($F18*AF18)/FourHeadAssumption),"") | AI18: =IFERROR(VLOOKUP($A18,'Parts List and Volumes'!$C$2:$W209,19,FALSE),"") | AJ18: =IFERROR(VLOOKUP($A18,'Parts List and Volumes'!$C$2:$W209,20,FALSE),"") | AK18: =IFERROR((($F18*AI18)/FourHeadAssumption),"") | AL18: =IFERROR((($F18*AJ18)/FourHeadAssumption),"") | AM18: =IFERROR(VLOOKUP($A18,'Parts List and Volumes'!$C$2:$W209,21,FALSE),"") | AN18: =IFERROR(VLOOKUP($A18,'Parts List and Volumes'!$C$2:$W209,22,FALSE),"") | AO18: =IFERROR((($F18*AM18)/FourHeadAssumption),"") | AP18: =IFERROR((($F18*AN18)/FourHeadAssumption),"") | AQ18: =IFERROR(VLOOKUP($A18,'Parts List and Volumes'!$C$2:$W209,23,FALSE),"") | AR18: =IFERROR(VLOOKUP($A18,'Parts List and Volumes'!$C$2:$W209,24,FALSE),"") | AS18: =IFERROR((($F18*AQ18)/FourHeadAssumption),"") | AT18: =IFERROR((($F18*AR18)/FourHeadAssumption),"") | AU18: =IFERROR(VLOOKUP($A18,'Parts List and Volumes'!$C$2:$W209,25,FALSE),"") | AV18: =IFERROR(VLOOKUP($A18,'Parts List and Volumes'!$C$2:$W209,26,FALSE),"") | AW18: =IFERROR((($F18*AU18)/FourHeadAssumption),"") | AX18: =IFERROR((($F18*AV18)/FourHeadAssumption),"")
C19: =IFERROR(VLOOKUP(A19,'Parts List and Volumes'!C18:D210,2,FALSE),"") | D19: =IFERROR(IF(VLOOKUP($A19,'Parts List and Volumes'!$C18:$F273,3,FALSE)=0,"",VLOOKUP(A19,'Parts List and Volumes'!C18:F273,3,FALSE)),"") | E19: =IFERROR(IF(VLOOKUP($A19,'Parts List and Volumes'!$C18:$F273,4,FALSE)=0,"",VLOOKUP(B19,'Parts List and Volumes'!D18:G273,3,FALSE)),"") | G19: =IFERROR(VLOOKUP($A19,'Parts List and Volumes'!$C$2:$W210,5,FALSE),"") | H19: =IFERROR(VLOOKUP($A19,'Parts List and Volumes'!$C$2:$W210,6,FALSE),"") | I19: =IFERROR((($F19*G19)/FourHeadAssumption),"") | J19: =IFERROR((($F19*H19)/FourHeadAssumption),"") | K19: =IFERROR(VLOOKUP($A19,'Parts List and Volumes'!$C$2:$W210,7,FALSE),"") | L19: =IFERROR(VLOOKUP($A19,'Parts List and Volumes'!$C$2:$W210,8,FALSE),"") | M19: =IFERROR((($F19*K19)/FourHeadAssumption),"") | N19: =IFERROR((($F19*L19)/FourHeadAssumption),"") | O19: =IFERROR(VLOOKUP($A19,'Parts List and Volumes'!$C$2:$W210,9,FALSE),"") | P19: =IFERROR(VLOOKUP($A19,'Parts List and Volumes'!$C$2:$W210,10,FALSE),"") | Q19: =IFERROR((($F19*O19)/FourHeadAssumption),"") | R19: =IFERROR((($F19*P19)/FourHeadAssumption),"") | S19: =IFERROR(VLOOKUP($A19,'Parts List and Volumes'!$C$2:$W210,11,FALSE),"") | T19: =IFERROR(VLOOKUP($A19,'Parts List and Volumes'!$C$2:$W210,12,FALSE),"") | U19: =IFERROR((($F19*S19)/FourHeadAssumption),"") | V19: =IFERROR((($F19*T19)/FourHeadAssumption),"") | W19: =IFERROR(VLOOKUP($A19,'Parts List and Volumes'!$C$2:$W210,13,FALSE),"") | X19: =IFERROR(VLOOKUP($A19,'Parts List and Volumes'!$C$2:$W210,14,FALSE),"") | Y19: =IFERROR((($F19*W19)/FourHeadAssumption),"") | Z19: =IFERROR((($F19*X19)/FourHeadAssumption),"") | AA19: =IFERROR(VLOOKUP($A19,'Parts List and Volumes'!$C$2:$W210,15,FALSE),"") | AB19: =IFERROR(VLOOKUP($A19,'Parts List and Volumes'!$C$2:$W210,16,FALSE),"") | AC19: =IFERROR((($F19*AA19)/FourHeadAssumption),"") | AD19: =IFERROR((($F19*AB19)/FourHeadAssumption),"") | AE19: =IFERROR(VLOOKUP($A19,'Parts List and Volumes'!$C$2:$W210,17,FALSE),"") | AF19: =IFERROR(VLOOKUP($A19,'Parts List and Volumes'!$C$2:$W210,18,FALSE),"") | AG19: =IFERROR((($F19*AE19)/FourHeadAssumption),"") | AH19: =IFERROR((($F19*AF19)/FourHeadAssumption),"") | AI19: =IFERROR(VLOOKUP($A19,'Parts List and Volumes'!$C$2:$W210,19,FALSE),"") | AJ19: =IFERROR(VLOOKUP($A19,'Parts List and Volumes'!$C$2:$W210,20,FALSE),"") | AK19: =IFERROR((($F19*AI19)/FourHeadAssumption),"") | AL19: =IFERROR((($F19*AJ19)/FourHeadAssumption),"") | AM19: =IFERROR(VLOOKUP($A19,'Parts List and Volumes'!$C$2:$W210,21,FALSE),"") | AN19: =IFERROR(VLOOKUP($A19,'Parts List and Volumes'!$C$2:$W210,22,FALSE),"") | AO19: =IFERROR((($F19*AM19)/FourHeadAssumption),"") | AP19: =IFERROR((($F19*AN19)/FourHeadAssumption),"") | AQ19: =IFERROR(VLOOKUP($A19,'Parts List and Volumes'!$C$2:$W210,23,FALSE),"") | AR19: =IFERROR(VLOOKUP($A19,'Parts List and Volumes'!$C$2:$W210,24,FALSE),"") | AS19: =IFERROR((($F19*AQ19)/FourHeadAssumption),"") | AT19: =IFERROR((($F19*AR19)/FourHeadAssumption),"") | AU19: =IFERROR(VLOOKUP($A19,'Parts List and Volumes'!$C$2:$W210,25,FALSE),"") | AV19: =IFERROR(VLOOKUP($A19,'Parts List and Volumes'!$C$2:$W210,26,FALSE),"") | AW19: =IFERROR((($F19*AU19)/FourHeadAssumption),"") | AX19: =IFERROR((($F19*AV19)/FourHeadAssumption),"")
C20: =IFERROR(VLOOKUP(A20,'Parts List and Volumes'!C19:D211,2,FALSE),"") | D20: =IFERROR(IF(VLOOKUP($A20,'Parts List and Volumes'!$C19:$F274,3,FALSE)=0,"",VLOOKUP(A20,'Parts List and Volumes'!C19:F274,3,FALSE)),"") | E20: =IFERROR(IF(VLOOKUP($A20,'Parts List and Volumes'!$C19:$F274,4,FALSE)=0,"",VLOOKUP(B20,'Parts List and Volumes'!D19:G274,3,FALSE)),"") | G20: =IFERROR(VLOOKUP($A20,'Parts List and Volumes'!$C$2:$W211,5,FALSE),"") | H20: =IFERROR(VLOOKUP($A20,'Parts List and Volumes'!$C$2:$W211,6,FALSE),"") | I20: =IFERROR((($F20*G20)/FourHeadAssumption),"") | J20: =IFERROR((($F20*H20)/FourHeadAssumption),"") | K20: =IFERROR(VLOOKUP($A20,'Parts List and Volumes'!$C$2:$W211,7,FALSE),"") | L20: =IFERROR(VLOOKUP($A20,'Parts List and Volumes'!$C$2:$W211,8,FALSE),"") | M20: =IFERROR((($F20*K20)/FourHeadAssumption),"") | N20: =IFERROR((($F20*L20)/FourHeadAssumption),"") | O20: =IFERROR(VLOOKUP($A20,'Parts List and Volumes'!$C$2:$W211,9,FALSE),"") | P20: =IFERROR(VLOOKUP($A20,'Parts List and Volumes'!$C$2:$W211,10,FALSE),"") | Q20: =IFERROR((($F20*O20)/FourHeadAssumption),"") | R20: =IFERROR((($F20*P20)/FourHeadAssumption),"") | S20: =IFERROR(VLOOKUP($A20,'Parts List and Volumes'!$C$2:$W211,11,FALSE),"") | T20: =IFERROR(VLOOKUP($A20,'Parts List and Volumes'!$C$2:$W211,12,FALSE),"") | U20: =IFERROR((($F20*S20)/FourHeadAssumption),"") | V20: =IFERROR((($F20*T20)/FourHeadAssumption),"") | W20: =IFERROR(VLOOKUP($A20,'Parts List and Volumes'!$C$2:$W211,13,FALSE),"") | X20: =IFERROR(VLOOKUP($A20,'Parts List and Volumes'!$C$2:$W211,14,FALSE),"") | Y20: =IFERROR((($F20*W20)/FourHeadAssumption),"") | Z20: =IFERROR((($F20*X20)/FourHeadAssumption),"") | AA20: =IFERROR(VLOOKUP($A20,'Parts List and Volumes'!$C$2:$W211,15,FALSE),"") | AB20: =IFERROR(VLOOKUP($A20,'Parts List and Volumes'!$C$2:$W211,16,FALSE),"") | AC20: =IFERROR((($F20*AA20)/FourHeadAssumption),"") | AD20: =IFERROR((($F20*AB20)/FourHeadAssumption),"") | AE20: =IFERROR(VLOOKUP($A20,'Parts List and Volumes'!$C$2:$W211,17,FALSE),"") | AF20: =IFERROR(VLOOKUP($A20,'Parts List and Volumes'!$C$2:$W211,18,FALSE),"") | AG20: =IFERROR((($F20*AE20)/FourHeadAssumption),"") | AH20: =IFERROR((($F20*AF20)/FourHeadAssumption),"") | AI20: =IFERROR(VLOOKUP($A20,'Parts List and Volumes'!$C$2:$W211,19,FALSE),"") | AJ20: =IFERROR(VLOOKUP($A20,'Parts List and Volumes'!$C$2:$W211,20,FALSE),"") | AK20: =IFERROR((($F20*AI20)/FourHeadAssumption),"") | AL20: =IFERROR((($F20*AJ20)/FourHeadAssumption),"") | AM20: =IFERROR(VLOOKUP($A20,'Parts List and Volumes'!$C$2:$W211,21,FALSE),"") | AN20: =IFERROR(VLOOKUP($A20,'Parts List and Volumes'!$C$2:$W211,22,FALSE),"") | AO20: =IFERROR((($F20*AM20)/FourHeadAssumption),"") | AP20: =IFERROR((($F20*AN20)/FourHeadAssumption),"") | AQ20: =IFERROR(VLOOKUP($A20,'Parts List and Volumes'!$C$2:$W211,23,FALSE),"") | AR20: =IFERROR(VLOOKUP($A20,'Parts List and Volumes'!$C$2:$W211,24,FALSE),"") | AS20: =IFERROR((($F20*AQ20)/FourHeadAssumption),"") | AT20: =IFERROR((($F20*AR20)/FourHeadAssumption),"") | AU20: =IFERROR(VLOOKUP($A20,'Parts List and Volumes'!$C$2:$W211,25,FALSE),"") | AV20: =IFERROR(VLOOKUP($A20,'Parts List and Volumes'!$C$2:$W211,26,FALSE),"") | AW20: =IFERROR((($F20*AU20)/FourHeadAssumption),"") | AX20: =IFERROR((($F20*AV20)/FourHeadAssumption),"")
C21: =IFERROR(VLOOKUP(A21,'Parts List and Volumes'!C20:D212,2,FALSE),"") | D21: =IFERROR(IF(VLOOKUP($A21,'Parts List and Volumes'!$C20:$F275,3,FALSE)=0,"",VLOOKUP(A21,'Parts List and Volumes'!C20:F275,3,FALSE)),"") | E21: =IFERROR(IF(VLOOKUP($A21,'Parts List and Volumes'!$C20:$F275,4,FALSE)=0,"",VLOOKUP(B21,'Parts List and Volumes'!D20:G275,3,FALSE)),"") | G21: =IFERROR(VLOOKUP($A21,'Parts List and Volumes'!$C$2:$W212,5,FALSE),"") | H21: =IFERROR(VLOOKUP($A21,'Parts List and Volumes'!$C$2:$W212,6,FALSE),"") | I21: =IFERROR((($F21*G21)/FourHeadAssumption),"") | J21: =IFERROR((($F21*H21)/FourHeadAssumption),"") | K21: =IFERROR(VLOOKUP($A21,'Parts List and Volumes'!$C$2:$W212,7,FALSE),"") | L21: =IFERROR(VLOOKUP($A21,'Parts List and Volumes'!$C$2:$W212,8,FALSE),"") | M21: =IFERROR((($F21*K21)/FourHeadAssumption),"") | N21: =IFERROR((($F21*L21)/FourHeadAssumption),"") | O21: =IFERROR(VLOOKUP($A21,'Parts List and Volumes'!$C$2:$W212,9,FALSE),"") | P21: =IFERROR(VLOOKUP($A21,'Parts List and Volumes'!$C$2:$W212,10,FALSE),"") | Q21: =IFERROR((($F21*O21)/FourHeadAssumption),"") | R21: =IFERROR((($F21*P21)/FourHeadAssumption),"") | S21: =IFERROR(VLOOKUP($A21,'Parts List and Volumes'!$C$2:$W212,11,FALSE),"") | T21: =IFERROR(VLOOKUP($A21,'Parts List and Volumes'!$C$2:$W212,12,FALSE),"") | U21: =IFERROR((($F21*S21)/FourHeadAssumption),"") | V21: =IFERROR((($F21*T21)/FourHeadAssumption),"") | W21: =IFERROR(VLOOKUP($A21,'Parts List and Volumes'!$C$2:$W212,13,FALSE),"") | X21: =IFERROR(VLOOKUP($A21,'Parts List and Volumes'!$C$2:$W212,14,FALSE),"") | Y21: =IFERROR((($F21*W21)/FourHeadAssumption),"") | Z21: =IFERROR((($F21*X21)/FourHeadAssumption),"") | AA21: =IFERROR(VLOOKUP($A21,'Parts List and Volumes'!$C$2:$W212,15,FALSE),"") | AB21: =IFERROR(VLOOKUP($A21,'Parts List and Volumes'!$C$2:$W212,16,FALSE),"") | AC21: =IFERROR((($F21*AA21)/FourHeadAssumption),"") | AD21: =IFERROR((($F21*AB21)/FourHeadAssumption),"") | AE21: =IFERROR(VLOOKUP($A21,'Parts List and Volumes'!$C$2:$W212,17,FALSE),"") | AF21: =IFERROR(VLOOKUP($A21,'Parts List and Volumes'!$C$2:$W212,18,FALSE),"") | AG21: =IFERROR((($F21*AE21)/FourHeadAssumption),"") | AH21: =IFERROR((($F21*AF21)/FourHeadAssumption),"") | AI21: =IFERROR(VLOOKUP($A21,'Parts List and Volumes'!$C$2:$W212,19,FALSE),"") | AJ21: =IFERROR(VLOOKUP($A21,'Parts List and Volumes'!$C$2:$W212,20,FALSE),"") | AK21: =IFERROR((($F21*AI21)/FourHeadAssumption),"") | AL21: =IFERROR((($F21*AJ21)/FourHeadAssumption),"") | AM21: =IFERROR(VLOOKUP($A21,'Parts List and Volumes'!$C$2:$W212,21,FALSE),"") | AN21: =IFERROR(VLOOKUP($A21,'Parts List and Volumes'!$C$2:$W212,22,FALSE),"") | AO21: =IFERROR((($F21*AM21)/FourHeadAssumption),"") | AP21: =IFERROR((($F21*AN21)/FourHeadAssumption),"") | AQ21: =IFERROR(VLOOKUP($A21,'Parts List and Volumes'!$C$2:$W212,23,FALSE),"") | AR21: =IFERROR(VLOOKUP($A21,'Parts List and Volumes'!$C$2:$W212,24,FALSE),"") | AS21: =IFERROR((($F21*AQ21)/FourHeadAssumption),"") | AT21: =IFERROR((($F21*AR21)/FourHeadAssumption),"") | AU21: =IFERROR(VLOOKUP($A21,'Parts List and Volumes'!$C$2:$W212,25,FALSE),"") | AV21: =IFERROR(VLOOKUP($A21,'Parts List and Volumes'!$C$2:$W212,26,FALSE),"") | AW21: =IFERROR((($F21*AU21)/FourHeadAssumption),"") | AX21: =IFERROR((($F21*AV21)/FourHeadAssumption),"")
C22: =IFERROR(VLOOKUP(A22,'Parts List and Volumes'!C21:D213,2,FALSE),"") | D22: =IFERROR(IF(VLOOKUP($A22,'Parts List and Volumes'!$C21:$F276,3,FALSE)=0,"",VLOOKUP(A22,'Parts List and Volumes'!C21:F276,3,FALSE)),"") | E22: =IFERROR(IF(VLOOKUP($A22,'Parts List and Volumes'!$C21:$F276,4,FALSE)=0,"",VLOOKUP(B22,'Parts List and Volumes'!D21:G276,3,FALSE)),"") | G22: =IFERROR(VLOOKUP($A22,'Parts List and Volumes'!$C$2:$W213,5,FALSE),"") | H22: =IFERROR(VLOOKUP($A22,'Parts List and Volumes'!$C$2:$W213,6,FALSE),"") | I22: =IFERROR((($F22*G22)/FourHeadAssumption),"") | J22: =IFERROR((($F22*H22)/FourHeadAssumption),"") | K22: =IFERROR(VLOOKUP($A22,'Parts List and Volumes'!$C$2:$W213,7,FALSE),"") | L22: =IFERROR(VLOOKUP($A22,'Parts List and Volumes'!$C$2:$W213,8,FALSE),"") | M22: =IFERROR((($F22*K22)/FourHeadAssumption),"") | N22: =IFERROR((($F22*L22)/FourHeadAssumption),"") | O22: =IFERROR(VLOOKUP($A22,'Parts List and Volumes'!$C$2:$W213,9,FALSE),"") | P22: =IFERROR(VLOOKUP($A22,'Parts List and Volumes'!$C$2:$W213,10,FALSE),"") | Q22: =IFERROR((($F22*O22)/FourHeadAssumption),"") | R22: =IFERROR((($F22*P22)/FourHeadAssumption),"") | S22: =IFERROR(VLOOKUP($A22,'Parts List and Volumes'!$C$2:$W213,11,FALSE),"") | T22: =IFERROR(VLOOKUP($A22,'Parts List and Volumes'!$C$2:$W213,12,FALSE),"") | U22: =IFERROR((($F22*S22)/FourHeadAssumption),"") | V22: =IFERROR((($F22*T22)/FourHeadAssumption),"") | W22: =IFERROR(VLOOKUP($A22,'Parts List and Volumes'!$C$2:$W213,13,FALSE),"") | X22: =IFERROR(VLOOKUP($A22,'Parts List and Volumes'!$C$2:$W213,14,FALSE),"") | Y22: =IFERROR((($F22*W22)/FourHeadAssumption),"") | Z22: =IFERROR((($F22*X22)/FourHeadAssumption),"") | AA22: =IFERROR(VLOOKUP($A22,'Parts List and Volumes'!$C$2:$W213,15,FALSE),"") | AB22: =IFERROR(VLOOKUP($A22,'Parts List and Volumes'!$C$2:$W213,16,FALSE),"") | AC22: =IFERROR((($F22*AA22)/FourHeadAssumption),"") | AD22: =IFERROR((($F22*AB22)/FourHeadAssumption),"") | AE22: =IFERROR(VLOOKUP($A22,'Parts List and Volumes'!$C$2:$W213,17,FALSE),"") | AF22: =IFERROR(VLOOKUP($A22,'Parts List and Volumes'!$C$2:$W213,18,FALSE),"") | AG22: =IFERROR((($F22*AE22)/FourHeadAssumption),"") | AH22: =IFERROR((($F22*AF22)/FourHeadAssumption),"") | AI22: =IFERROR(VLOOKUP($A22,'Parts List and Volumes'!$C$2:$W213,19,FALSE),"") | AJ22: =IFERROR(VLOOKUP($A22,'Parts List and Volumes'!$C$2:$W213,20,FALSE),"") | AK22: =IFERROR((($F22*AI22)/FourHeadAssumption),"") | AL22: =IFERROR((($F22*AJ22)/FourHeadAssumption),"") | AM22: =IFERROR(VLOOKUP($A22,'Parts List and Volumes'!$C$2:$W213,21,FALSE),"") | AN22: =IFERROR(VLOOKUP($A22,'Parts List and Volumes'!$C$2:$W213,22,FALSE),"") | AO22: =IFERROR((($F22*AM22)/FourHeadAssumption),"") | AP22: =IFERROR((($F22*AN22)/FourHeadAssumption),"") | AQ22: =IFERROR(VLOOKUP($A22,'Parts List and Volumes'!$C$2:$W213,23,FALSE),"") | AR22: =IFERROR(VLOOKUP($A22,'Parts List and Volumes'!$C$2:$W213,24,FALSE),"") | AS22: =IFERROR((($F22*AQ22)/FourHeadAssumption),"") | AT22: =IFERROR((($F22*AR22)/FourHeadAssumption),"") | AU22: =IFERROR(VLOOKUP($A22,'Parts List and Volumes'!$C$2:$W213,25,FALSE),"") | AV22: =IFERROR(VLOOKUP($A22,'Parts List and Volumes'!$C$2:$W213,26,FALSE),"") | AW22: =IFERROR((($F22*AU22)/FourHeadAssumption),"") | AX22: =IFERROR((($F22*AV22)/FourHeadAssumption),"")
C23: =IFERROR(VLOOKUP(A23,'Parts List and Volumes'!C22:D214,2,FALSE),"") | D23: =IFERROR(IF(VLOOKUP($A23,'Parts List and Volumes'!$C22:$F277,3,FALSE)=0,"",VLOOKUP(A23,'Parts List and Volumes'!C22:F277,3,FALSE)),"") | E23: =IFERROR(IF(VLOOKUP($A23,'Parts List and Volumes'!$C22:$F277,4,FALSE)=0,"",VLOOKUP(B23,'Parts List and Volumes'!D22:G277,3,FALSE)),"") | G23: =IFERROR(VLOOKUP($A23,'Parts List and Volumes'!$C$2:$W214,5,FALSE),"") | H23: =IFERROR(VLOOKUP($A23,'Parts List and Volumes'!$C$2:$W214,6,FALSE),"") | I23: =IFERROR((($F23*G23)/FourHeadAssumption),"") | J23: =IFERROR((($F23*H23)/FourHeadAssumption),"") | K23: =IFERROR(VLOOKUP($A23,'Parts List and Volumes'!$C$2:$W214,7,FALSE),"") | L23: =IFERROR(VLOOKUP($A23,'Parts List and Volumes'!$C$2:$W214,8,FALSE),"") | M23: =IFERROR((($F23*K23)/FourHeadAssumption),"") | N23: =IFERROR((($F23*L23)/FourHeadAssumption),"") | O23: =IFERROR(VLOOKUP($A23,'Parts List and Volumes'!$C$2:$W214,9,FALSE),"") | P23: =IFERROR(VLOOKUP($A23,'Parts List and Volumes'!$C$2:$W214,10,FALSE),"") | Q23: =IFERROR((($F23*O23)/FourHeadAssumption),"") | R23: =IFERROR((($F23*P23)/FourHeadAssumption),"") | S23: =IFERROR(VLOOKUP($A23,'Parts List and Volumes'!$C$2:$W214,11,FALSE),"") | T23: =IFERROR(VLOOKUP($A23,'Parts List and Volumes'!$C$2:$W214,12,FALSE),"") | U23: =IFERROR((($F23*S23)/FourHeadAssumption),"") | V23: =IFERROR((($F23*T23)/FourHeadAssumption),"") | W23: =IFERROR(VLOOKUP($A23,'Parts List and Volumes'!$C$2:$W214,13,FALSE),"") | X23: =IFERROR(VLOOKUP($A23,'Parts List and Volumes'!$C$2:$W214,14,FALSE),"") | Y23: =IFERROR((($F23*W23)/FourHeadAssumption),"") | Z23: =IFERROR((($F23*X23)/FourHeadAssumption),"") | AA23: =IFERROR(VLOOKUP($A23,'Parts List and Volumes'!$C$2:$W214,15,FALSE),"") | AB23: =IFERROR(VLOOKUP($A23,'Parts List and Volumes'!$C$2:$W214,16,FALSE),"") | AC23: =IFERROR((($F23*AA23)/FourHeadAssumption),"") | AD23: =IFERROR((($F23*AB23)/FourHeadAssumption),"") | AE23: =IFERROR(VLOOKUP($A23,'Parts List and Volumes'!$C$2:$W214,17,FALSE),"") | AF23: =IFERROR(VLOOKUP($A23,'Parts List and Volumes'!$C$2:$W214,18,FALSE),"") | AG23: =IFERROR((($F23*AE23)/FourHeadAssumption),"") | AH23: =IFERROR((($F23*AF23)/FourHeadAssumption),"") | AI23: =IFERROR(VLOOKUP($A23,'Parts List and Volumes'!$C$2:$W214,19,FALSE),"") | AJ23: =IFERROR(VLOOKUP($A23,'Parts List and Volumes'!$C$2:$W214,20,FALSE),"") | AK23: =IFERROR((($F23*AI23)/FourHeadAssumption),"") | AL23: =IFERROR((($F23*AJ23)/FourHeadAssumption),"") | AM23: =IFERROR(VLOOKUP($A23,'Parts List and Volumes'!$C$2:$W214,21,FALSE),"") | AN23: =IFERROR(VLOOKUP($A23,'Parts List and Volumes'!$C$2:$W214,22,FALSE),"") | AO23: =IFERROR((($F23*AM23)/FourHeadAssumption),"") | AP23: =IFERROR((($F23*AN23)/FourHeadAssumption),"") | AQ23: =IFERROR(VLOOKUP($A23,'Parts List and Volumes'!$C$2:$W214,23,FALSE),"") | AR23: =IFERROR(VLOOKUP($A23,'Parts List and Volumes'!$C$2:$W214,24,FALSE),"") | AS23: =IFERROR((($F23*AQ23)/FourHeadAssumption),"") | AT23: =IFERROR((($F23*AR23)/FourHeadAssumption),"") | AU23: =IFERROR(VLOOKUP($A23,'Parts List and Volumes'!$C$2:$W214,25,FALSE),"") | AV23: =IFERROR(VLOOKUP($A23,'Parts List and Volumes'!$C$2:$W214,26,FALSE),"") | AW23: =IFERROR((($F23*AU23)/FourHeadAssumption),"") | AX23: =IFERROR((($F23*AV23)/FourHeadAssumption),"")
... C50: =IFERROR(VLOOKUP(A50,'Parts List and Volumes'!C49:D241,2,FALSE),"") | D50: =IFERROR(IF(VLOOKUP($A50,'Parts List and Volumes'!$C49:$F304,3,FALSE)=0,"",VLOOKUP(A50,'Parts List and Volumes'!C49:F304,3,FALSE)),"") | E50: =IFERROR(IF(VLOOKUP($A50,'Parts List and Volumes'!$C49:$F304,4,FALSE)=0,"",VLOOKUP(B50,'Parts List and Volumes'!D49:G304,3,FALSE)),"") | G50: =IFERROR(VLOOKUP($A50,'Parts List and Volumes'!$C$2:$W241,5,FALSE),"") | H50: =IFERROR(VLOOKUP($A50,'Parts List and Volumes'!$C$2:$W241,6,FALSE),"") | I50: =IFERROR((($F50*G50)/FourHeadAssumption),"") | J50: =IFERROR((($F50*H50)/FourHeadAssumption),"") | K50: =IFERROR(VLOOKUP($A50,'Parts List and Volumes'!$C$2:$W241,7,FALSE),"") | L50: =IFERROR(VLOOKUP($A50,'Parts List and Volumes'!$C$2:$W241,8,FALSE),"") | M50: =IFERROR((($F50*K50)/FourHeadAssumption),"") | N50: =IFERROR((($F50*L50)/FourHeadAssumption),"") | O50: =IFERROR(VLOOKUP($A50,'Parts List and Volumes'!$C$2:$W241,9,FALSE),"") | P50: =IFERROR(VLOOKUP($A50,'Parts List and Volumes'!$C$2:$W241,10,FALSE),"") | Q50: =IFERROR((($F50*O50)/FourHeadAssumption),"") | R50: =IFERROR((($F50*P50)/FourHeadAssumption),"") | S50: =IFERROR(VLOOKUP($A50,'Parts List and Volumes'!$C$2:$W241,11,FALSE),"") | T50: =IFERROR(VLOOKUP($A50,'Parts List and Volumes'!$C$2:$W241,12,FALSE),"") | U50: =IFERROR((($F50*S50)/FourHeadAssumption),"") | V50: =IFERROR((($F50*T50)/FourHeadAssumption),"") | W50: =IFERROR(VLOOKUP($A50,'Parts List and Volumes'!$C$2:$W241,13,FALSE),"") | X50: =IFERROR(VLOOKUP($A50,'Parts List and Volumes'!$C$2:$W241,14,FALSE),"") | Y50: =IFERROR((($F50*W50)/FourHeadAssumption),"") | Z50: =IFERROR((($F50*X50)/FourHeadAssumption),"") | AA50: =IFERROR(VLOOKUP($A50,'Parts List and Volumes'!$C$2:$W241,15,FALSE),"") | AB50: =IFERROR(VLOOKUP($A50,'Parts List and Volumes'!$C$2:$W241,16,FALSE),"") | AC50: =IFERROR((($F50*AA50)/FourHeadAssumption),"") | AD50: =IFERROR((($F50*AB50)/FourHeadAssumption),"") | AE50: =IFERROR(VLOOKUP($A50,'Parts List and Volumes'!$C$2:$W241,17,FALSE),"") | AF50: =IFERROR(VLOOKUP($A50,'Parts List and Volumes'!$C$2:$W241,18,FALSE),"") | AG50: =IFERROR((($F50*AE50)/FourHeadAssumption),"") | AH50: =IFERROR((($F50*AF50)/FourHeadAssumption),"") | AI50: =IFERROR(VLOOKUP($A50,'Parts List and Volumes'!$C$2:$W241,19,FALSE),"") | AJ50: =IFERROR(VLOOKUP($A50,'Parts List and Volumes'!$C$2:$W241,20,FALSE),"") | AK50: =IFERROR((($F50*AI50)/FourHeadAssumption),"") | AL50: =IFERROR((($F50*AJ50)/FourHeadAssumption),"") | AM50: =IFERROR(VLOOKUP($A50,'Parts List and Volumes'!$C$2:$W241,21,FALSE),"") | AN50: =IFERROR(VLOOKUP($A50,'Parts List and Volumes'!$C$2:$W241,22,FALSE),"") | AO50: =IFERROR((($F50*AM50)/FourHeadAssumption),"") | AP50: =IFERROR((($F50*AN50)/FourHeadAssumption),"") | AQ50: =IFERROR(VLOOKUP($A50,'Parts List and Volumes'!$C$2:$W241,23,FALSE),"") | AR50: =IFERROR(VLOOKUP($A50,'Parts List and Volumes'!$C$2:$W241,24,FALSE),"") | AS50: =IFERROR((($F50*AQ50)/FourHeadAssumption),"") | AT50: =IFERROR((($F50*AR50)/FourHeadAssumption),"") | AU50: =IFERROR(VLOOKUP($A50,'Parts List and Volumes'!$C$2:$W241,25,FALSE),"") | AV50: =IFERROR(VLOOKUP($A50,'Parts List and Volumes'!$C$2:$W241,26,FALSE),"") | AW50: =IFERROR((($F50*AU50)/FourHeadAssumption),"") | AX50: =IFERROR((($F50*AV50)/FourHeadAssumption),"")
I52: =SUM(I3:I50) -> 0 | J52: =SUM(J3:J50) -> 0 | M52: =SUM(M3:M50) -> 0 | N52: =SUM(N3:N50) -> 0 | Q52: =SUM(Q3:Q50) -> 0 | R52: =SUM(R3:R50) -> 0 | U52: =SUM(U3:U50) -> 0 | V52: =SUM(V3:V50) -> 0 | Y52: =SUM(Y3:Y50) -> 0 | Z52: =SUM(Z3:Z50) -> 0 | AC52: =SUM(AC3:AC50) -> 0 | AD52: =SUM(AD3:AD50) -> 0 | AG52: =SUM(AG3:AG50) -> 0 | AH52: =SUM(AH3:AH50) -> 0 | AK52: =SUM(AK3:AK50) -> 0 | AL52: =SUM(AL3:AL50) -> 0 | AO52: =SUM(AO3:AO50) -> 0 | AP52: =SUM(AP3:AP50) -> 0 | AS52: =SUM(AS3:AS50) -> 0 | AT52: =SUM(AT3:AT50) -> 0 | AW52: =SUM(AW3:AW50) -> 0 | AX52: =SUM(AX3:AX50) -> 0
M60: Target Utilization
M61: 2022 | N61: 2023 | O61: 2024 | P61: 2025 | Q61: 2026 | R61: 2027 | S61: 2028 | T61: 2029 | U61: 2030 | V61: 2031 | W61: 2032
M62: 0.8 | N62: 0.8 | O62: 0.8 | P62: 0.8 | Q62: 0.8 | R62: 0.8 | S62: 0.8 | T62: 0.8 | U62: 0.8 | V62: 0.8 | W62: 0.8

Sheet Customer and Platform List
A1: Customer | B1: List of Programs
A2: Ford | B2: _VN127
B3: F5X
A4: Mercedes | B4: _BR167
B5: EVAII
A6: BMW | B6: G01_G02
B7: G05_G06_G07_G09
B8: G05_G06_G07
B9: G05_G06
B10: G07_G09
A11: Rivian | B11: _R1S_T
B12: _R1S
B13: _R1T
B14: RPV_700_900
B15: RPV_500_700_900
B16: RPV_500

Sheet CAD-026
A1: CNC Machine # | G1: 2022 | K1: 2023 | O1: 2024 | S1: 2025 | W1: 2026 | AA1: 2027 | AE1: 2028 | AI1: 2029 | AM1: 2030 | AQ1: 2031 | AU1: 2032
A2: Customer Part Number | B2: Platform | C2: TI Part Number | D2: Tube Diamter | E2: # of Bends | F2: cyc time | G2: Actual Volume | H2: Customer Quoted Vol | I2: % to Actual | J2: % to Tool Note | K2: Actual Volume | L2: Customer Quoted Vol | M2: % to Actual | N2: % to Tool Note | O2: Actual Volume | P2: Customer Quoted Vol | Q2: % to Actual | R2: % to Tool Note | S2: Actual Volume | T2: Customer Quoted Vol | U2: % to Actual | V2: % to Tool Note | W2: Actual Volume | X2: Customer Quoted Vol | Y2: % to Actual | Z2: % to Tool Note | AA2: Actual Volume | AB2: Customer Quoted Vol | AC2: % to Actual | AD2: % to Tool Note | AE2: Actual Volume | AF2: Customer Quoted Vol | AG2: % to Actual | AH2: % to Tool Note | AI2: Actual Volume | AJ2: Customer Quoted Vol | AK2: % to Actual | AL2: % to Tool Note | AM2: Actual Volume | AN2: Customer Quoted Vol | AO2: % to Actual | AP2: % to Tool Note | AQ2: Actual Volume | AR2: Customer Quoted Vol | AS2: % to Actual | AT2: % to Tool Note | AU2: Actual Volume | AV2: Customer Quoted Vol | AW2: % to Actual | AX2: % to Tool Note
A3: 6-874-633-01 | B3: G01_G02 | C3: =IFERROR(VLOOKUP(A3,'Parts List and Volumes'!C2:D194,2,FALSE),"") -> NFAA0195AAF20 | D3: =IFERROR(IF(VLOOKUP($A3,'Parts List and Volumes'!$C2:$F266,3,FALSE)=0,"",VLOOKUP(A3,'Parts List and Volumes'!C2:F266,3,FALSE)),"") | E3: =IFERROR(IF(VLOOKUP($A3,'Parts List and Volumes'!$C2:$F266,4,FALSE)=0,"",VLOOKUP(B3,'Parts List and Volumes'!D2:G266,3,FALSE)),"") | G3: =IFERROR(VLOOKUP($A3,'Parts List and Volumes'!$C$2:$W194,5,FALSE),"") -> 10421 | H3: =IFERROR(VLOOKUP($A3,'Parts List and Volumes'!$C$2:$W194,6,FALSE),"") -> 10425 | I3: =IFERROR((($F3*G3)/FourHeadAssumption),"") -> 0 | J3: =IFERROR((($F3*H3)/FourHeadAssumption),"") -> 0 | K3: =IFERROR(VLOOKUP($A3,'Parts List and Volumes'!$C$2:$W194,7,FALSE),"") -> 10425 | L3: =IFERROR(VLOOKUP($A3,'Parts List and Volumes'!$C$2:$W194,8,FALSE),"") -> 10425 | M3: =IFERROR((($F3*K3)/FourHeadAssumption),"") -> 0 | N3: =IFERROR((($F3*L3)/FourHeadAssumption),"") -> 0 | O3: =IFERROR(VLOOKUP($A3,'Parts List and Volumes'!$C$2:$W194,9,FALSE),"") -> 0 | P3: =IFERROR(VLOOKUP($A3,'Parts List and Volumes'!$C$2:$W194,10,FALSE),"") -> 17191 | Q3: =IFERROR((($F3*O3)/FourHeadAssumption),"") -> 0 | R3: =IFERROR((($F3*P3)/FourHeadAssumption),"") -> 0 | S3: =IFERROR(VLOOKUP($A3,'Parts List and Volumes'!$C$2:$W194,11,FALSE),"") -> 0 | T3: =IFERROR(VLOOKUP($A3,'Parts List and Volumes'!$C$2:$W194,12,FALSE),"") -> 0 | U3: =IFERROR((($F3*S3)/FourHeadAssumption),"") -> 0 | V3: =IFERROR((($F3*T3)/FourHeadAssumption),"") -> 0 | W3: =IFERROR(VLOOKUP($A3,'Parts List and Volumes'!$C$2:$W194,13,FALSE),"") -> 0 | X3: =IFERROR(VLOOKUP($A3,'Parts List and Volumes'!$C$2:$W194,14,FALSE),"") -> 0 | Y3: =IFERROR((($F3*W3)/FourHeadAssumption),"") -> 0 | Z3: =IFERROR((($F3*X3)/FourHeadAssumption),"") -> 0 | AA3: =IFERROR(VLOOKUP($A3,'Parts List and Volumes'!$C$2:$W194,15,FALSE),"") -> 0 | AB3: =IFERROR(VLOOKUP($A3,'Parts List and Volumes'!$C$2:$W194,16,FALSE),"") -> 0 | AC3: =IFERROR((($F3*AA3)/FourHeadAssumption),"") -> 0 | AD3: =IFERROR((($F3*AB3)/FourHeadAssumption),"") -> 0 | AE3: =IFERROR(VLOOKUP($A3,'Parts List and Volumes'!$C$2:$W194,17,FALSE),"") -> 0 | AF3: =IFERROR(VLOOKUP($A3,'Parts List and Volumes'!$C$2:$W194,18,FALSE),"") -> 0 | AG3: =IFERROR((($F3*AE3)/FourHeadAssumption),"") -> 0 | AH3: =IFERROR((($F3*AF3)/FourHeadAssumption),"") -> 0 | AI3: =IFERROR(VLOOKUP($A3,'Parts List and Volumes'!$C$2:$W194,19,FALSE),"") -> 0 | AJ3: =IFERROR(VLOOKUP($A3,'Parts List and Volumes'!$C$2:$W194,20,FALSE),"") -> 0 | AK3: =IFERROR((($F3*AI3)/FourHeadAssumption),"") -> 0 | AL3: =IFERROR((($F3*AJ3)/FourHeadAssumption),"") -> 0 | AM3: =IFERROR(VLOOKUP($A3,'Parts List and Volumes'!$C$2:$W194,21,FALSE),"") -> 0 | AN3: =IFERROR(VLOOKUP($A3,'Parts List and Volumes'!$C$2:$W194,22,FALSE),"") | AO3: =IFERROR((($F3*AM3)/FourHeadAssumption),"") -> 0 | AP3: =IFERROR((($F3*AN3)/FourHeadAssumption),"") | AQ3: =IFERROR(VLOOKUP($A3,'Parts List and Volumes'!$C$2:$W194,23,FALSE),"") | AR3: =IFERROR(VLOOKUP($A3,'Parts List and Volumes'!$C$2:$W194,24,FALSE),"") | AS3: =IFERROR((($F3*AQ3)/FourHeadAssumption),"") | AT3: =IFERROR((($F3*AR3)/FourHeadAssumption),"") | AU3: =IFERROR(VLOOKUP($A3,'Parts List and Volumes'!$C$2:$W194,25,FALSE),"") | AV3: =IFERROR(VLOOKUP($A3,'Parts List and Volumes'!$C$2:$W194,26,FALSE),"") | AW3: =IFERROR((($F3*AU3)/FourHeadAssumption),"") | AX3: =IFERROR((($F3*AV3)/FourHeadAssumption),"")
A4: 6-871-309-02 | B4: G05_G06_G07 | C4: =IFERROR(VLOOKUP(A4,'Parts List and Volumes'!C3:D195,2,FALSE),"") -> NFAA0209ABF20 | D4: =IFERROR(IF(VLOOKUP($A4,'Parts List and Volumes'!$C3:$F266,3,FALSE)=0,"",VLOOKUP(A4,'Parts List and Volumes'!C3:F266,3,FALSE)),"") -> 4.76 | E4: =IFERROR(IF(VLOOKUP($A4,'Parts List and Volumes'!$C3:$F266,4,FALSE)=0,"",VLOOKUP(B4,'Parts List and Volumes'!D3:G266,3,FALSE)),"") | G4: =IFERROR(VLOOKUP($A4,'Parts List and Volumes'!$C$2:$W195,5,FALSE),"") -> 217205 | H4: =IFERROR(VLOOKUP($A4,'Parts List and Volumes'!$C$2:$W195,6,FALSE),"") -> 213913 | I4: =IFERROR((($F4*G4)/FourHeadAssumption),"") -> 0 | J4: =IFERROR((($F4*H4)/FourHeadAssumption),"") -> 0 | K4: =IFERROR(VLOOKUP($A4,'Parts List and Volumes'!$C$2:$W195,7,FALSE),"") -> 213913 | L4: =IFERROR(VLOOKUP($A4,'Parts List and Volumes'!$C$2:$W195,8,FALSE),"") -> 213913 | M4: =IFERROR((($F4*K4)/FourHeadAssumption),"") -> 0 | N4: =IFERROR((($F4*L4)/FourHeadAssumption),"") -> 0 | O4: =IFERROR(VLOOKUP($A4,'Parts List and Volumes'!$C$2:$W195,9,FALSE),"") -> 0 | P4: =IFERROR(VLOOKUP($A4,'Parts List and Volumes'!$C$2:$W195,10,FALSE),"") -> 238306 | Q4: =IFERROR((($F4*O4)/FourHeadAssumption),"") -> 0 | R4: =IFERROR((($F4*P4)/FourHeadAssumption),"") -> 0 | S4: =IFERROR(VLOOKUP($A4,'Parts List and Volumes'!$C$2:$W195,11,FALSE),"") -> 0 | T4: =IFERROR(VLOOKUP($A4,'Parts List and Volumes'!$C$2:$W195,12,FALSE),"") -> 238306 | U4: =IFERROR((($F4*S4)/FourHeadAssumption),"") -> 0 | V4: =IFERROR((($F4*T4)/FourHeadAssumption),"") -> 0 | W4: =IFERROR(VLOOKUP($A4,'Parts List and Volumes'!$C$2:$W195,13,FALSE),"") -> 0 | X4: =IFERROR(VLOOKUP($A4,'Parts List and Volumes'!$C$2:$W195,14,FALSE),"") -> 0 | Y4: =IFERROR((($F4*W4)/FourHeadAssumption),"") -> 0 | Z4: =IFERROR((($F4*X4)/FourHeadAssumption),"") -> 0 | AA4: =IFERROR(VLOOKUP($A4,'Parts List and Volumes'!$C$2:$W195,15,FALSE),"") -> 0 | AB4: =IFERROR(VLOOKUP($A4,'Parts List and Volumes'!$C$2:$W195,16,FALSE),"") -> 0 | AC4: =IFERROR((($F4*AA4)/FourHeadAssumption),"") -> 0 | AD4: =IFERROR((($F4*AB4)/FourHeadAssumption),"") -> 0 | AE4: =IFERROR(VLOOKUP($A4,'Parts List and Volumes'!$C$2:$W195,17,FALSE),"") -> 0 | AF4: =IFERROR(VLOOKUP($A4,'Parts List and Volumes'!$C$2:$W195,18,FALSE),"") -> 0 | AG4: =IFERROR((($F4*AE4)/FourHeadAssumption),"") -> 0 | AH4: =IFERROR((($F4*AF4)/FourHeadAssumption),"") -> 0 | AI4: =IFERROR(VLOOKUP($A4,'Parts List and Volumes'!$C$2:$W195,19,FALSE),"") -> 0 | AJ4: =IFERROR(VLOOKUP($A4,'Parts List and Volumes'!$C$2:$W195,20,FALSE),"") -> 0 | AK4: =IFERROR((($F4*AI4)/FourHeadAssumption),"") -> 0 | AL4: =IFERROR((($F4*AJ4)/FourHeadAssumption),"") -> 0 | AM4: =IFERROR(VLOOKUP($A4,'Parts List and Volumes'!$C$2:$W195,21,FALSE),"") -> 0 | AN4: =IFERROR(VLOOKUP($A4,'Parts List and Volumes'!$C$2:$W195,22,FALSE),"") | AO4: =IFERROR((($F4*AM4)/FourHeadAssumption),"") -> 0 | AP4: =IFERROR((($F4*AN4)/FourHeadAssumption),"") | AQ4: =IFERROR(VLOOKUP($A4,'Parts List and Volumes'!$C$2:$W195,23,FALSE),"") | AR4: =IFERROR(VLOOKUP($A4,'Parts List and Volumes'!$C$2:$W195,24,FALSE),"") | AS4: =IFERROR((($F4*AQ4)/FourHeadAssumption),"") | AT4: =IFERROR((($F4*AR4)/FourHeadAssumption),"") | AU4: =IFERROR(VLOOKUP($A4,'Parts List and Volumes'!$C$2:$W195,25,FALSE),"") | AV4: =IFERROR(VLOOKUP($A4,'Parts List and Volumes'!$C$2:$W195,26,FALSE),"") | AW4: =IFERROR((($F4*AU4)/FourHeadAssumption),"") | AX4: =IFERROR((($F4*AV4)/FourHeadAssumption),"")
A5: 6-871-311-01 | B5: G05_G06_G07 | C5: =IFERROR(VLOOKUP(A5,'Parts List and Volumes'!C4:D196,2,FALSE),"") -> NFAA0210AAF20 | D5: =IFERROR(IF(VLOOKUP($A5,'Parts List and Volumes'!$C4:$F266,3,FALSE)=0,"",VLOOKUP(A5,'Parts List and Volumes'!C4:F266,3,FALSE)),"") -> 4.76 | E5: =IFERROR(IF(VLOOKUP($A5,'Parts List and Volumes'!$C4:$F266,4,FALSE)=0,"",VLOOKUP(B5,'Parts List and Volumes'!D4:G266,3,FALSE)),"") | G5: =IFERROR(VLOOKUP($A5,'Parts List and Volumes'!$C$2:$W196,5,FALSE),"") -> 218186 | H5: =IFERROR(VLOOKUP($A5,'Parts List and Volumes'!$C$2:$W196,6,FALSE),"") -> 214164 | I5: =IFERROR((($F5*G5)/FourHeadAssumption),"") -> 0 | J5: =IFERROR((($F5*H5)/FourHeadAssumption),"") -> 0 | K5: =IFERROR(VLOOKUP($A5,'Parts List and Volumes'!$C$2:$W196,7,FALSE),"") -> 214164 | L5: =IFERROR(VLOOKUP($A5,'Parts List and Volumes'!$C$2:$W196,8,FALSE),"") -> 214164 | M5: =IFERROR((($F5*K5)/FourHeadAssumption),"") -> 0 | N5: =IFERROR((($F5*L5)/FourHeadAssumption),"") -> 0 | O5: =IFERROR(VLOOKUP($A5,'Parts List and Volumes'!$C$2:$W196,9,FALSE),"") -> 0 | P5: =IFERROR(VLOOKUP($A5,'Parts List and Volumes'!$C$2:$W196,10,FALSE),"") -> 238306 | Q5: =IFERROR((($F5*O5)/FourHeadAssumption),"") -> 0 | R5: =IFERROR((($F5*P5)/FourHeadAssumption),"") -> 0 | S5: =IFERROR(VLOOKUP($A5,'Parts List and Volumes'!$C$2:$W196,11,FALSE),"") -> 0 | T5: =IFERROR(VLOOKUP($A5,'Parts List and Volumes'!$C$2:$W196,12,FALSE),"") -> 238306 | U5: =IFERROR((($F5*S5)/FourHeadAssumption),"") -> 0 | V5: =IFERROR((($F5*T5)/FourHeadAssumption),"") -> 0 | W5: =IFERROR(VLOOKUP($A5,'Parts List and Volumes'!$C$2:$W196,13,FALSE),"") -> 0 | X5: =IFERROR(VLOOKUP($A5,'Parts List and Volumes'!$C$2:$W196,14,FALSE),"") -> 0 | Y5: =IFERROR((($F5*W5)/FourHeadAssumption),"") -> 0 | Z5: =IFERROR((($F5*X5)/FourHeadAssumption),"") -> 0 | AA5: =IFERROR(VLOOKUP($A5,'Parts List and Volumes'!$C$2:$W196,15,FALSE),"") -> 0 | AB5: =IFERROR(VLOOKUP($A5,'Parts List and Volumes'!$C$2:$W196,16,FALSE),"") -> 0 | AC5: =IFERROR((($F5*AA5)/FourHeadAssumption),"") -> 0 | AD5: =IFERROR((($F5*AB5)/FourHeadAssumption),"") -> 0 | AE5: =IFERROR(VLOOKUP($A5,'Parts List and Volumes'!$C$2:$W196,17,FALSE),"") -> 0 | AF5: =IFERROR(VLOOKUP($A5,'Parts List and Volumes'!$C$2:$W196,18,FALSE),"") -> 0 | AG5: =IFERROR((($F5*AE5)/FourHeadAssumption),"") -> 0 | AH5: =IFERROR((($F5*AF5)/FourHeadAssumption),"") -> 0 | AI5: =IFERROR(VLOOKUP($A5,'Parts List and Volumes'!$C$2:$W196,19,FALSE),"") -> 0 | AJ5: =IFERROR(VLOOKUP($A5,'Parts List and Volumes'!$C$2:$W196,20,FALSE),"") -> 0 | AK5: =IFERROR((($F5*AI5)/FourHeadAssumption),"") -> 0 | AL5: =IFERROR((($F5*AJ5)/FourHeadAssumption),"") -> 0 | AM5: =IFERROR(VLOOKUP($A5,'Parts List and Volumes'!$C$2:$W196,21,FALSE),"") -> 0 | AN5: =IFERROR(VLOOKUP($A5,'Parts List and Volumes'!$C$2:$W196,22,FALSE),"") | AO5: =IFERROR((($F5*AM5)/FourHeadAssumption),"") -> 0 | AP5: =IFERROR((($F5*AN5)/FourHeadAssumption),"") | AQ5: =IFERROR(VLOOKUP($A5,'Parts List and Volumes'!$C$2:$W196,23,FALSE),"") | AR5: =IFERROR(VLOOKUP($A5,'Parts List and Volumes'!$C$2:$W196,24,FALSE),"") | AS5: =IFERROR((($F5*AQ5)/FourHeadAssumption),"") | AT5: =IFERROR((($F5*AR5)/FourHeadAssumption),"") | AU5: =IFERROR(VLOOKUP($A5,'Parts List and Volumes'!$C$2:$W196,25,FALSE),"") | AV5: =IFERROR(VLOOKUP($A5,'Parts List and Volumes'!$C$2:$W196,26,FALSE),"") | AW5: =IFERROR((($F5*AU5)/FourHeadAssumption),"") | AX5: =IFERROR((($F5*AV5)/FourHeadAssumption),"")
C6: =IFERROR(VLOOKUP(A6,'Parts List and Volumes'!C5:D197,2,FALSE),"") | D6: =IFERROR(IF(VLOOKUP($A6,'Parts List and Volumes'!$C5:$F266,3,FALSE)=0,"",VLOOKUP(A6,'Parts List and Volumes'!C5:F266,3,FALSE)),"") | E6: =IFERROR(IF(VLOOKUP($A6,'Parts List and Volumes'!$C5:$F266,4,FALSE)=0,"",VLOOKUP(B6,'Parts List and Volumes'!D5:G266,3,FALSE)),"") | G6: =IFERROR(VLOOKUP($A6,'Parts List and Volumes'!$C$2:$W197,5,FALSE),"") | H6: =IFERROR(VLOOKUP($A6,'Parts List and Volumes'!$C$2:$W197,6,FALSE),"") | I6: =IFERROR((($F6*G6)/FourHeadAssumption),"") | J6: =IFERROR((($F6*H6)/FourHeadAssumption),"") | K6: =IFERROR(VLOOKUP($A6,'Parts List and Volumes'!$C$2:$W197,7,FALSE),"") | L6: =IFERROR(VLOOKUP($A6,'Parts List and Volumes'!$C$2:$W197,8,FALSE),"") | M6: =IFERROR((($F6*K6)/FourHeadAssumption),"") | N6: =IFERROR((($F6*L6)/FourHeadAssumption),"") | O6: =IFERROR(VLOOKUP($A6,'Parts List and Volumes'!$C$2:$W197,9,FALSE),"") | P6: =IFERROR(VLOOKUP($A6,'Parts List and Volumes'!$C$2:$W197,10,FALSE),"") | Q6: =IFERROR((($F6*O6)/FourHeadAssumption),"") | R6: =IFERROR((($F6*P6)/FourHeadAssumption),"") | S6: =IFERROR(VLOOKUP($A6,'Parts List and Volumes'!$C$2:$W197,11,FALSE),"") | T6: =IFERROR(VLOOKUP($A6,'Parts List and Volumes'!$C$2:$W197,12,FALSE),"") | U6: =IFERROR((($F6*S6)/FourHeadAssumption),"") | V6: =IFERROR((($F6*T6)/FourHeadAssumption),"") | W6: =IFERROR(VLOOKUP($A6,'Parts List and Volumes'!$C$2:$W197,13,FALSE),"") | X6: =IFERROR(VLOOKUP($A6,'Parts List and Volumes'!$C$2:$W197,14,FALSE),"") | Y6: =IFERROR((($F6*W6)/FourHeadAssumption),"") | Z6: =IFERROR((($F6*X6)/FourHeadAssumption),"") | AA6: =IFERROR(VLOOKUP($A6,'Parts List and Volumes'!$C$2:$W197,15,FALSE),"") | AB6: =IFERROR(VLOOKUP($A6,'Parts List and Volumes'!$C$2:$W197,16,FALSE),"") | AC6: =IFERROR((($F6*AA6)/FourHeadAssumption),"") | AD6: =IFERROR((($F6*AB6)/FourHeadAssumption),"") | AE6: =IFERROR(VLOOKUP($A6,'Parts List and Volumes'!$C$2:$W197,17,FALSE),"") | AF6: =IFERROR(VLOOKUP($A6,'Parts List and Volumes'!$C$2:$W197,18,FALSE),"") | AG6: =IFERROR((($F6*AE6)/FourHeadAssumption),"") | AH6: =IFERROR((($F6*AF6)/FourHeadAssumption),"") | AI6: =IFERROR(VLOOKUP($A6,'Parts List and Volumes'!$C$2:$W197,19,FALSE),"") | AJ6: =IFERROR(VLOOKUP($A6,'Parts List and Volumes'!$C$2:$W197,20,FALSE),"") | AK6: =IFERROR((($F6*AI6)/FourHeadAssumption),"") | AL6: =IFERROR((($F6*AJ6)/FourHeadAssumption),"") | AM6: =IFERROR(VLOOKUP($A6,'Parts List and Volumes'!$C$2:$W197,21,FALSE),"") | AN6: =IFERROR(VLOOKUP($A6,'Parts List and Volumes'!$C$2:$W197,22,FALSE),"") | AO6: =IFERROR((($F6*AM6)/FourHeadAssumption),"") | AP6: =IFERROR((($F6*AN6)/FourHeadAssumption),"") | AQ6: =IFERROR(VLOOKUP($A6,'Parts List and Volumes'!$C$2:$W197,23,FALSE),"") | AR6: =IFERROR(VLOOKUP($A6,'Parts List and Volumes'!$C$2:$W197,24,FALSE),"") | AS6: =IFERROR((($F6*AQ6)/FourHeadAssumption),"") | AT6: =IFERROR((($F6*AR6)/FourHeadAssumption),"") | AU6: =IFERROR(VLOOKUP($A6,'Parts List and Volumes'!$C$2:$W197,25,FALSE),"") | AV6: =IFERROR(VLOOKUP($A6,'Parts List and Volumes'!$C$2:$W197,26,FALSE),"") | AW6: =IFERROR((($F6*AU6)/FourHeadAssumption),"") | AX6: =IFERROR((($F6*AV6)/FourHeadAssumption),"")
C7: =IFERROR(VLOOKUP(A7,'Parts List and Volumes'!C6:D198,2,FALSE),"") | D7: =IFERROR(IF(VLOOKUP($A7,'Parts List and Volumes'!$C6:$F266,3,FALSE)=0,"",VLOOKUP(A7,'Parts List and Volumes'!C6:F266,3,FALSE)),"") | E7: =IFERROR(IF(VLOOKUP($A7,'Parts List and Volumes'!$C6:$F266,4,FALSE)=0,"",VLOOKUP(B7,'Parts List and Volumes'!D6:G266,3,FALSE)),"") | G7: =IFERROR(VLOOKUP($A7,'Parts List and Volumes'!$C$2:$W198,5,FALSE),"") | H7: =IFERROR(VLOOKUP($A7,'Parts List and Volumes'!$C$2:$W198,6,FALSE),"") | I7: =IFERROR((($F7*G7)/FourHeadAssumption),"") | J7: =IFERROR((($F7*H7)/FourHeadAssumption),"") | K7: =IFERROR(VLOOKUP($A7,'Parts List and Volumes'!$C$2:$W198,7,FALSE),"") | L7: =IFERROR(VLOOKUP($A7,'Parts List and Volumes'!$C$2:$W198,8,FALSE),"") | M7: =IFERROR((($F7*K7)/FourHeadAssumption),"") | N7: =IFERROR((($F7*L7)/FourHeadAssumption),"") | O7: =IFERROR(VLOOKUP($A7,'Parts List and Volumes'!$C$2:$W198,9,FALSE),"") | P7: =IFERROR(VLOOKUP($A7,'Parts List and Volumes'!$C$2:$W198,10,FALSE),"") | Q7: =IFERROR((($F7*O7)/FourHeadAssumption),"") | R7: =IFERROR((($F7*P7)/FourHeadAssumption),"") | S7: =IFERROR(VLOOKUP($A7,'Parts List and Volumes'!$C$2:$W198,11,FALSE),"") | T7: =IFERROR(VLOOKUP($A7,'Parts List and Volumes'!$C$2:$W198,12,FALSE),"") | U7: =IFERROR((($F7*S7)/FourHeadAssumption),"") | V7: =IFERROR((($F7*T7)/FourHeadAssumption),"") | W7: =IFERROR(VLOOKUP($A7,'Parts List and Volumes'!$C$2:$W198,13,FALSE),"") | X7: =IFERROR(VLOOKUP($A7,'Parts List and Volumes'!$C$2:$W198,14,FALSE),"") | Y7: =IFERROR((($F7*W7)/FourHeadAssumption),"") | Z7: =IFERROR((($F7*X7)/FourHeadAssumption),"") | AA7: =IFERROR(VLOOKUP($A7,'Parts List and Volumes'!$C$2:$W198,15,FALSE),"") | AB7: =IFERROR(VLOOKUP($A7,'Parts List and Volumes'!$C$2:$W198,16,FALSE),"") | AC7: =IFERROR((($F7*AA7)/FourHeadAssumption),"") | AD7: =IFERROR((($F7*AB7)/FourHeadAssumption),"") | AE7: =IFERROR(VLOOKUP($A7,'Parts List and Volumes'!$C$2:$W198,17,FALSE),"") | AF7: =IFERROR(VLOOKUP($A7,'Parts List and Volumes'!$C$2:$W198,18,FALSE),"") | AG7: =IFERROR((($F7*AE7)/FourHeadAssumption),"") | AH7: =IFERROR((($F7*AF7)/FourHeadAssumption),"") | AI7: =IFERROR(VLOOKUP($A7,'Parts List and Volumes'!$C$2:$W198,19,FALSE),"") | AJ7: =IFERROR(VLOOKUP($A7,'Parts List and Volumes'!$C$2:$W198,20,FALSE),"") | AK7: =IFERROR((($F7*AI7)/FourHeadAssumption),"") | AL7: =IFERROR((($F7*AJ7)/FourHeadAssumption),"") | AM7: =IFERROR(VLOOKUP($A7,'Parts List and Volumes'!$C$2:$W198,21,FALSE),"") | AN7: =IFERROR(VLOOKUP($A7,'Parts List and Volumes'!$C$2:$W198,22,FALSE),"") | AO7: =IFERROR((($F7*AM7)/FourHeadAssumption),"") | AP7: =IFERROR((($F7*AN7)/FourHeadAssumption),"") | AQ7: =IFERROR(VLOOKUP($A7,'Parts List and Volumes'!$C$2:$W198,23,FALSE),"") | AR7: =IFERROR(VLOOKUP($A7,'Parts List and Volumes'!$C$2:$W198,24,FALSE),"") | AS7: =IFERROR((($F7*AQ7)/FourHeadAssumption),"") | AT7: =IFERROR((($F7*AR7)/FourHeadAssumption),"") | AU7: =IFERROR(VLOOKUP($A7,'Parts List and Volumes'!$C$2:$W198,25,FALSE),"") | AV7: =IFERROR(VLOOKUP($A7,'Parts List and Volumes'!$C$2:$W198,26,FALSE),"") | AW7: =IFERROR((($F7*AU7)/FourHeadAssumption),"") | AX7: =IFERROR((($F7*AV7)/FourHeadAssumption),"")
C8: =IFERROR(VLOOKUP(A8,'Parts List and Volumes'!C7:D199,2,FALSE),"") | D8: =IFERROR(IF(VLOOKUP($A8,'Parts List and Volumes'!$C7:$F266,3,FALSE)=0,"",VLOOKUP(A8,'Parts List and Volumes'!C7:F266,3,FALSE)),"") | E8: =IFERROR(IF(VLOOKUP($A8,'Parts List and Volumes'!$C7:$F266,4,FALSE)=0,"",VLOOKUP(B8,'Parts List and Volumes'!D7:G266,3,FALSE)),"") | G8: =IFERROR(VLOOKUP($A8,'Parts List and Volumes'!$C$2:$W199,5,FALSE),"") | H8: =IFERROR(VLOOKUP($A8,'Parts List and Volumes'!$C$2:$W199,6,FALSE),"") | I8: =IFERROR((($F8*G8)/FourHeadAssumption),"") | J8: =IFERROR((($F8*H8)/FourHeadAssumption),"") | K8: =IFERROR(VLOOKUP($A8,'Parts List and Volumes'!$C$2:$W199,7,FALSE),"") | L8: =IFERROR(VLOOKUP($A8,'Parts List and Volumes'!$C$2:$W199,8,FALSE),"") | M8: =IFERROR((($F8*K8)/FourHeadAssumption),"") | N8: =IFERROR((($F8*L8)/FourHeadAssumption),"") | O8: =IFERROR(VLOOKUP($A8,'Parts List and Volumes'!$C$2:$W199,9,FALSE),"") | P8: =IFERROR(VLOOKUP($A8,'Parts List and Volumes'!$C$2:$W199,10,FALSE),"") | Q8: =IFERROR((($F8*O8)/FourHeadAssumption),"") | R8: =IFERROR((($F8*P8)/FourHeadAssumption),"") | S8: =IFERROR(VLOOKUP($A8,'Parts List and Volumes'!$C$2:$W199,11,FALSE),"") | T8: =IFERROR(VLOOKUP($A8,'Parts List and Volumes'!$C$2:$W199,12,FALSE),"") | U8: =IFERROR((($F8*S8)/FourHeadAssumption),"") | V8: =IFERROR((($F8*T8)/FourHeadAssumption),"") | W8: =IFERROR(VLOOKUP($A8,'Parts List and Volumes'!$C$2:$W199,13,FALSE),"") | X8: =IFERROR(VLOOKUP($A8,'Parts List and Volumes'!$C$2:$W199,14,FALSE),"") | Y8: =IFERROR((($F8*W8)/FourHeadAssumption),"") | Z8: =IFERROR((($F8*X8)/FourHeadAssumption),"") | AA8: =IFERROR(VLOOKUP($A8,'Parts List and Volumes'!$C$2:$W199,15,FALSE),"") | AB8: =IFERROR(VLOOKUP($A8,'Parts List and Volumes'!$C$2:$W199,16,FALSE),"") | AC8: =IFERROR((($F8*AA8)/FourHeadAssumption),"") | AD8: =IFERROR((($F8*AB8)/FourHeadAssumption),"") | AE8: =IFERROR(VLOOKUP($A8,'Parts List and Volumes'!$C$2:$W199,17,FALSE),"") | AF8: =IFERROR(VLOOKUP($A8,'Parts List and Volumes'!$C$2:$W199,18,FALSE),"") | AG8: =IFERROR((($F8*AE8)/FourHeadAssumption),"") | AH8: =IFERROR((($F8*AF8)/FourHeadAssumption),"") | AI8: =IFERROR(VLOOKUP($A8,'Parts List and Volumes'!$C$2:$W199,19,FALSE),"") | AJ8: =IFERROR(VLOOKUP($A8,'Parts List and Volumes'!$C$2:$W199,20,FALSE),"") | AK8: =IFERROR((($F8*AI8)/FourHeadAssumption),"") | AL8: =IFERROR((($F8*AJ8)/FourHeadAssumption),"") | AM8: =IFERROR(VLOOKUP($A8,'Parts List and Volumes'!$C$2:$W199,21,FALSE),"") | AN8: =IFERROR(VLOOKUP($A8,'Parts List and Volumes'!$C$2:$W199,22,FALSE),"") | AO8: =IFERROR((($F8*AM8)/FourHeadAssumption),"") | AP8: =IFERROR((($F8*AN8)/FourHeadAssumption),"") | AQ8: =IFERROR(VLOOKUP($A8,'Parts List and Volumes'!$C$2:$W199,23,FALSE),"") | AR8: =IFERROR(VLOOKUP($A8,'Parts List and Volumes'!$C$2:$W199,24,FALSE),"") | AS8: =IFERROR((($F8*AQ8)/FourHeadAssumption),"") | AT8: =IFERROR((($F8*AR8)/FourHeadAssumption),"") | AU8: =IFERROR(VLOOKUP($A8,'Parts List and Volumes'!$C$2:$W199,25,FALSE),"") | AV8: =IFERROR(VLOOKUP($A8,'Parts List and Volumes'!$C$2:$W199,26,FALSE),"") | AW8: =IFERROR((($F8*AU8)/FourHeadAssumption),"") | AX8: =IFERROR((($F8*AV8)/FourHeadAssumption),"")
C9: =IFERROR(VLOOKUP(A9,'Parts List and Volumes'!C8:D200,2,FALSE),"") | D9: =IFERROR(IF(VLOOKUP($A9,'Parts List and Volumes'!$C8:$F266,3,FALSE)=0,"",VLOOKUP(A9,'Parts List and Volumes'!C8:F266,3,FALSE)),"") | E9: =IFERROR(IF(VLOOKUP($A9,'Parts List and Volumes'!$C8:$F266,4,FALSE)=0,"",VLOOKUP(B9,'Parts List and Volumes'!D8:G266,3,FALSE)),"") | G9: =IFERROR(VLOOKUP($A9,'Parts List and Volumes'!$C$2:$W200,5,FALSE),"") | H9: =IFERROR(VLOOKUP($A9,'Parts List and Volumes'!$C$2:$W200,6,FALSE),"") | I9: =IFERROR((($F9*G9)/FourHeadAssumption),"") | J9: =IFERROR((($F9*H9)/FourHeadAssumption),"") | K9: =IFERROR(VLOOKUP($A9,'Parts List and Volumes'!$C$2:$W200,7,FALSE),"") | L9: =IFERROR(VLOOKUP($A9,'Parts List and Volumes'!$C$2:$W200,8,FALSE),"") | M9: =IFERROR((($F9*K9)/FourHeadAssumption),"") | N9: =IFERROR((($F9*L9)/FourHeadAssumption),"") | O9: =IFERROR(VLOOKUP($A9,'Parts List and Volumes'!$C$2:$W200,9,FALSE),"") | P9: =IFERROR(VLOOKUP($A9,'Parts List and Volumes'!$C$2:$W200,10,FALSE),"") | Q9: =IFERROR((($F9*O9)/FourHeadAssumption),"") | R9: =IFERROR((($F9*P9)/FourHeadAssumption),"") | S9: =IFERROR(VLOOKUP($A9,'Parts List and Volumes'!$C$2:$W200,11,FALSE),"") | T9: =IFERROR(VLOOKUP($A9,'Parts List and Volumes'!$C$2:$W200,12,FALSE),"") | U9: =IFERROR((($F9*S9)/FourHeadAssumption),"") | V9: =IFERROR((($F9*T9)/FourHeadAssumption),"") | W9: =IFERROR(VLOOKUP($A9,'Parts List and Volumes'!$C$2:$W200,13,FALSE),"") | X9: =IFERROR(VLOOKUP($A9,'Parts List and Volumes'!$C$2:$W200,14,FALSE),"") | Y9: =IFERROR((($F9*W9)/FourHeadAssumption),"") | Z9: =IFERROR((($F9*X9)/FourHeadAssumption),"") | AA9: =IFERROR(VLOOKUP($A9,'Parts List and Volumes'!$C$2:$W200,15,FALSE),"") | AB9: =IFERROR(VLOOKUP($A9,'Parts List and Volumes'!$C$2:$W200,16,FALSE),"") | AC9: =IFERROR((($F9*AA9)/FourHeadAssumption),"") | AD9: =IFERROR((($F9*AB9)/FourHeadAssumption),"") | AE9: =IFERROR(VLOOKUP($A9,'Parts List and Volumes'!$C$2:$W200,17,FALSE),"") | AF9: =IFERROR(VLOOKUP($A9,'Parts List and Volumes'!$C$2:$W200,18,FALSE),"") | AG9: =IFERROR((($F9*AE9)/FourHeadAssumption),"") | AH9: =IFERROR((($F9*AF9)/FourHeadAssumption),"") | AI9: =IFERROR(VLOOKUP($A9,'Parts List and Volumes'!$C$2:$W200,19,FALSE),"") | AJ9: =IFERROR(VLOOKUP($A9,'Parts List and Volumes'!$C$2:$W200,20,FALSE),"") | AK9: =IFERROR((($F9*AI9)/FourHeadAssumption),"") | AL9: =IFERROR((($F9*AJ9)/FourHeadAssumption),"") | AM9: =IFERROR(VLOOKUP($A9,'Parts List and Volumes'!$C$2:$W200,21,FALSE),"") | AN9: =IFERROR(VLOOKUP($A9,'Parts List and Volumes'!$C$2:$W200,22,FALSE),"") | AO9: =IFERROR((($F9*AM9)/FourHeadAssumption),"") | AP9: =IFERROR((($F9*AN9)/FourHeadAssumption),"") | AQ9: =IFERROR(VLOOKUP($A9,'Parts List and Volumes'!$C$2:$W200,23,FALSE),"") | AR9: =IFERROR(VLOOKUP($A9,'Parts List and Volumes'!$C$2:$W200,24,FALSE),"") | AS9: =IFERROR((($F9*AQ9)/FourHeadAssumption),"") | AT9: =IFERROR((($F9*AR9)/FourHeadAssumption),"") | AU9: =IFERROR(VLOOKUP($A9,'Parts List and Volumes'!$C$2:$W200,25,FALSE),"") | AV9: =IFERROR(VLOOKUP($A9,'Parts List and Volumes'!$C$2:$W200,26,FALSE),"") | AW9: =IFERROR((($F9*AU9)/FourHeadAssumption),"") | AX9: =IFERROR((($F9*AV9)/FourHeadAssumption),"")
C10: =IFERROR(VLOOKUP(A10,'Parts List and Volumes'!C9:D201,2,FALSE),"") | D10: =IFERROR(IF(VLOOKUP($A10,'Parts List and Volumes'!$C9:$F266,3,FALSE)=0,"",VLOOKUP(A10,'Parts List and Volumes'!C9:F266,3,FALSE)),"") | E10: =IFERROR(IF(VLOOKUP($A10,'Parts List and Volumes'!$C9:$F266,4,FALSE)=0,"",VLOOKUP(B10,'Parts List and Volumes'!D9:G266,3,FALSE)),"") | G10: =IFERROR(VLOOKUP($A10,'Parts List and Volumes'!$C$2:$W201,5,FALSE),"") | H10: =IFERROR(VLOOKUP($A10,'Parts List and Volumes'!$C$2:$W201,6,FALSE),"") | I10: =IFERROR((($F10*G10)/FourHeadAssumption),"") | J10: =IFERROR((($F10*H10)/FourHeadAssumption),"") | K10: =IFERROR(VLOOKUP($A10,'Parts List and Volumes'!$C$2:$W201,7,FALSE),"") | L10: =IFERROR(VLOOKUP($A10,'Parts List and Volumes'!$C$2:$W201,8,FALSE),"") | M10: =IFERROR((($F10*K10)/FourHeadAssumption),"") | N10: =IFERROR((($F10*L10)/FourHeadAssumption),"") | O10: =IFERROR(VLOOKUP($A10,'Parts List and Volumes'!$C$2:$W201,9,FALSE),"") | P10: =IFERROR(VLOOKUP($A10,'Parts List and Volumes'!$C$2:$W201,10,FALSE),"") | Q10: =IFERROR((($F10*O10)/FourHeadAssumption),"") | R10: =IFERROR((($F10*P10)/FourHeadAssumption),"") | S10: =IFERROR(VLOOKUP($A10,'Parts List and Volumes'!$C$2:$W201,11,FALSE),"") | T10: =IFERROR(VLOOKUP($A10,'Parts List and Volumes'!$C$2:$W201,12,FALSE),"") | U10: =IFERROR((($F10*S10)/FourHeadAssumption),"") | V10: =IFERROR((($F10*T10)/FourHeadAssumption),"") | W10: =IFERROR(VLOOKUP($A10,'Parts List and Volumes'!$C$2:$W201,13,FALSE),"") | X10: =IFERROR(VLOOKUP($A10,'Parts List and Volumes'!$C$2:$W201,14,FALSE),"") | Y10: =IFERROR((($F10*W10)/FourHeadAssumption),"") | Z10: =IFERROR((($F10*X10)/FourHeadAssumption),"") | AA10: =IFERROR(VLOOKUP($A10,'Parts List and Volumes'!$C$2:$W201,15,FALSE),"") | AB10: =IFERROR(VLOOKUP($A10,'Parts List and Volumes'!$C$2:$W201,16,FALSE),"") | AC10: =IFERROR((($F10*AA10)/FourHeadAssumption),"") | AD10: =IFERROR((($F10*AB10)/FourHeadAssumption),"") | AE10: =IFERROR(VLOOKUP($A10,'Parts List and Volumes'!$C$2:$W201,17,FALSE),"") | AF10: =IFERROR(VLOOKUP($A10,'Parts List and Volumes'!$C$2:$W201,18,FALSE),"") | AG10: =IFERROR((($F10*AE10)/FourHeadAssumption),"") | AH10: =IFERROR((($F10*AF10)/FourHeadAssumption),"") | AI10: =IFERROR(VLOOKUP($A10,'Parts List and Volumes'!$C$2:$W201,19,FALSE),"") | AJ10: =IFERROR(VLOOKUP($A10,'Parts List and Volumes'!$C$2:$W201,20,FALSE),"") | AK10: =IFERROR((($F10*AI10)/FourHeadAssumption),"") | AL10: =IFERROR((($F10*AJ10)/FourHeadAssumption),"") | AM10: =IFERROR(VLOOKUP($A10,'Parts List and Volumes'!$C$2:$W201,21,FALSE),"") | AN10: =IFERROR(VLOOKUP($A10,'Parts List and Volumes'!$C$2:$W201,22,FALSE),"") | AO10: =IFERROR((($F10*AM10)/FourHeadAssumption),"") | AP10: =IFERROR((($F10*AN10)/FourHeadAssumption),"") | AQ10: =IFERROR(VLOOKUP($A10,'Parts List and Volumes'!$C$2:$W201,23,FALSE),"") | AR10: =IFERROR(VLOOKUP($A10,'Parts List and Volumes'!$C$2:$W201,24,FALSE),"") | AS10: =IFERROR((($F10*AQ10)/FourHeadAssumption),"") | AT10: =IFERROR((($F10*AR10)/FourHeadAssumption),"") | AU10: =IFERROR(VLOOKUP($A10,'Parts List and Volumes'!$C$2:$W201,25,FALSE),"") | AV10: =IFERROR(VLOOKUP($A10,'Parts List and Volumes'!$C$2:$W201,26,FALSE),"") | AW10: =IFERROR((($F10*AU10)/FourHeadAssumption),"") | AX10: =IFERROR((($F10*AV10)/FourHeadAssumption),"")
C11: =IFERROR(VLOOKUP(A11,'Parts List and Volumes'!C10:D202,2,FALSE),"") | D11: =IFERROR(IF(VLOOKUP($A11,'Parts List and Volumes'!$C10:$F266,3,FALSE)=0,"",VLOOKUP(A11,'Parts List and Volumes'!C10:F266,3,FALSE)),"") | E11: =IFERROR(IF(VLOOKUP($A11,'Parts List and Volumes'!$C10:$F266,4,FALSE)=0,"",VLOOKUP(B11,'Parts List and Volumes'!D10:G266,3,FALSE)),"") | G11: =IFERROR(VLOOKUP($A11,'Parts List and Volumes'!$C$2:$W202,5,FALSE),"") | H11: =IFERROR(VLOOKUP($A11,'Parts List and Volumes'!$C$2:$W202,6,FALSE),"") | I11: =IFERROR((($F11*G11)/FourHeadAssumption),"") | J11: =IFERROR((($F11*H11)/FourHeadAssumption),"") | K11: =IFERROR(VLOOKUP($A11,'Parts List and Volumes'!$C$2:$W202,7,FALSE),"") | L11: =IFERROR(VLOOKUP($A11,'Parts List and Volumes'!$C$2:$W202,8,FALSE),"") | M11: =IFERROR((($F11*K11)/FourHeadAssumption),"") | N11: =IFERROR((($F11*L11)/FourHeadAssumption),"") | O11: =IFERROR(VLOOKUP($A11,'Parts List and Volumes'!$C$2:$W202,9,FALSE),"") | P11: =IFERROR(VLOOKUP($A11,'Parts List and Volumes'!$C$2:$W202,10,FALSE),"") | Q11: =IFERROR((($F11*O11)/FourHeadAssumption),"") | R11: =IFERROR((($F11*P11)/FourHeadAssumption),"") | S11: =IFERROR(VLOOKUP($A11,'Parts List and Volumes'!$C$2:$W202,11,FALSE),"") | T11: =IFERROR(VLOOKUP($A11,'Parts List and Volumes'!$C$2:$W202,12,FALSE),"") | U11: =IFERROR((($F11*S11)/FourHeadAssumption),"") | V11: =IFERROR((($F11*T11)/FourHeadAssumption),"") | W11: =IFERROR(VLOOKUP($A11,'Parts List and Volumes'!$C$2:$W202,13,FALSE),"") | X11: =IFERROR(VLOOKUP($A11,'Parts List and Volumes'!$C$2:$W202,14,FALSE),"") | Y11: =IFERROR((($F11*W11)/FourHeadAssumption),"") | Z11: =IFERROR((($F11*X11)/FourHeadAssumption),"") | AA11: =IFERROR(VLOOKUP($A11,'Parts List and Volumes'!$C$2:$W202,15,FALSE),"") | AB11: =IFERROR(VLOOKUP($A11,'Parts List and Volumes'!$C$2:$W202,16,FALSE),"") | AC11: =IFERROR((($F11*AA11)/FourHeadAssumption),"") | AD11: =IFERROR((($F11*AB11)/FourHeadAssumption),"") | AE11: =IFERROR(VLOOKUP($A11,'Parts List and Volumes'!$C$2:$W202,17,FALSE),"") | AF11: =IFERROR(VLOOKUP($A11,'Parts List and Volumes'!$C$2:$W202,18,FALSE),"") | AG11: =IFERROR((($F11*AE11)/FourHeadAssumption),"") | AH11: =IFERROR((($F11*AF11)/FourHeadAssumption),"") | AI11: =IFERROR(VLOOKUP($A11,'Parts List and Volumes'!$C$2:$W202,19,FALSE),"") | AJ11: =IFERROR(VLOOKUP($A11,'Parts List and Volumes'!$C$2:$W202,20,FALSE),"") | AK11: =IFERROR((($F11*AI11)/FourHeadAssumption),"") | AL11: =IFERROR((($F11*AJ11)/FourHeadAssumption),"") | AM11: =IFERROR(VLOOKUP($A11,'Parts List and Volumes'!$C$2:$W202,21,FALSE),"") | AN11: =IFERROR(VLOOKUP($A11,'Parts List and Volumes'!$C$2:$W202,22,FALSE),"") | AO11: =IFERROR((($F11*AM11)/FourHeadAssumption),"") | AP11: =IFERROR((($F11*AN11)/FourHeadAssumption),"") | AQ11: =IFERROR(VLOOKUP($A11,'Parts List and Volumes'!$C$2:$W202,23,FALSE),"") | AR11: =IFERROR(VLOOKUP($A11,'Parts List and Volumes'!$C$2:$W202,24,FALSE),"") | AS11: =IFERROR((($F11*AQ11)/FourHeadAssumption),"") | AT11: =IFERROR((($F11*AR11)/FourHeadAssumption),"") | AU11: =IFERROR(VLOOKUP($A11,'Parts List and Volumes'!$C$2:$W202,25,FALSE),"") | AV11: =IFERROR(VLOOKUP($A11,'Parts List and Volumes'!$C$2:$W202,26,FALSE),"") | AW11: =IFERROR((($F11*AU11)/FourHeadAssumption),"") | AX11: =IFERROR((($F11*AV11)/FourHeadAssumption),"")
C12: =IFERROR(VLOOKUP(A12,'Parts List and Volumes'!C11:D203,2,FALSE),"") | D12: =IFERROR(IF(VLOOKUP($A12,'Parts List and Volumes'!$C11:$F266,3,FALSE)=0,"",VLOOKUP(A12,'Parts List and Volumes'!C11:F266,3,FALSE)),"") | E12: =IFERROR(IF(VLOOKUP($A12,'Parts List and Volumes'!$C11:$F266,4,FALSE)=0,"",VLOOKUP(B12,'Parts List and Volumes'!D11:G266,3,FALSE)),"") | G12: =IFERROR(VLOOKUP($A12,'Parts List and Volumes'!$C$2:$W203,5,FALSE),"") | H12: =IFERROR(VLOOKUP($A12,'Parts List and Volumes'!$C$2:$W203,6,FALSE),"") | I12: =IFERROR((($F12*G12)/FourHeadAssumption),"") | J12: =IFERROR((($F12*H12)/FourHeadAssumption),"") | K12: =IFERROR(VLOOKUP($A12,'Parts List and Volumes'!$C$2:$W203,7,FALSE),"") | L12: =IFERROR(VLOOKUP($A12,'Parts List and Volumes'!$C$2:$W203,8,FALSE),"") | M12: =IFERROR((($F12*K12)/FourHeadAssumption),"") | N12: =IFERROR((($F12*L12)/FourHeadAssumption),"") | O12: =IFERROR(VLOOKUP($A12,'Parts List and Volumes'!$C$2:$W203,9,FALSE),"") | P12: =IFERROR(VLOOKUP($A12,'Parts List and Volumes'!$C$2:$W203,10,FALSE),"") | Q12: =IFERROR((($F12*O12)/FourHeadAssumption),"") | R12: =IFERROR((($F12*P12)/FourHeadAssumption),"") | S12: =IFERROR(VLOOKUP($A12,'Parts List and Volumes'!$C$2:$W203,11,FALSE),"") | T12: =IFERROR(VLOOKUP($A12,'Parts List and Volumes'!$C$2:$W203,12,FALSE),"") | U12: =IFERROR((($F12*S12)/FourHeadAssumption),"") | V12: =IFERROR((($F12*T12)/FourHeadAssumption),"") | W12: =IFERROR(VLOOKUP($A12,'Parts List and Volumes'!$C$2:$W203,13,FALSE),"") | X12: =IFERROR(VLOOKUP($A12,'Parts List and Volumes'!$C$2:$W203,14,FALSE),"") | Y12: =IFERROR((($F12*W12)/FourHeadAssumption),"") | Z12: =IFERROR((($F12*X12)/FourHeadAssumption),"") | AA12: =IFERROR(VLOOKUP($A12,'Parts List and Volumes'!$C$2:$W203,15,FALSE),"") | AB12: =IFERROR(VLOOKUP($A12,'Parts List and Volumes'!$C$2:$W203,16,FALSE),"") | AC12: =IFERROR((($F12*AA12)/FourHeadAssumption),"") | AD12: =IFERROR((($F12*AB12)/FourHeadAssumption),"") | AE12: =IFERROR(VLOOKUP($A12,'Parts List and Volumes'!$C$2:$W203,17,FALSE),"") | AF12: =IFERROR(VLOOKUP($A12,'Parts List and Volumes'!$C$2:$W203,18,FALSE),"") | AG12: =IFERROR((($F12*AE12)/FourHeadAssumption),"") | AH12: =IFERROR((($F12*AF12)/FourHeadAssumption),"") | AI12: =IFERROR(VLOOKUP($A12,'Parts List and Volumes'!$C$2:$W203,19,FALSE),"") | AJ12: =IFERROR(VLOOKUP($A12,'Parts List and Volumes'!$C$2:$W203,20,FALSE),"") | AK12: =IFERROR((($F12*AI12)/FourHeadAssumption),"") | AL12: =IFERROR((($F12*AJ12)/FourHeadAssumption),"") | AM12: =IFERROR(VLOOKUP($A12,'Parts List and Volumes'!$C$2:$W203,21,FALSE),"") | AN12: =IFERROR(VLOOKUP($A12,'Parts List and Volumes'!$C$2:$W203,22,FALSE),"") | AO12: =IFERROR((($F12*AM12)/FourHeadAssumption),"") | AP12: =IFERROR((($F12*AN12)/FourHeadAssumption),"") | AQ12: =IFERROR(VLOOKUP($A12,'Parts List and Volumes'!$C$2:$W203,23,FALSE),"") | AR12: =IFERROR(VLOOKUP($A12,'Parts List and Volumes'!$C$2:$W203,24,FALSE),"") | AS12: =IFERROR((($F12*AQ12)/FourHeadAssumption),"") | AT12: =IFERROR((($F12*AR12)/FourHeadAssumption),"") | AU12: =IFERROR(VLOOKUP($A12,'Parts List and Volumes'!$C$2:$W203,25,FALSE),"") | AV12: =IFERROR(VLOOKUP($A12,'Parts List and Volumes'!$C$2:$W203,26,FALSE),"") | AW12: =IFERROR((($F12*AU12)/FourHeadAssumption),"") | AX12: =IFERROR((($F12*AV12)/FourHeadAssumption),"")
C13: =IFERROR(VLOOKUP(A13,'Parts List and Volumes'!C12:D204,2,FALSE),"") | D13: =IFERROR(IF(VLOOKUP($A13,'Parts List and Volumes'!$C12:$F267,3,FALSE)=0,"",VLOOKUP(A13,'Parts List and Volumes'!C12:F267,3,FALSE)),"") | E13: =IFERROR(IF(VLOOKUP($A13,'Parts List and Volumes'!$C12:$F267,4,FALSE)=0,"",VLOOKUP(B13,'Parts List and Volumes'!D12:G267,3,FALSE)),"") | G13: =IFERROR(VLOOKUP($A13,'Parts List and Volumes'!$C$2:$W204,5,FALSE),"") | H13: =IFERROR(VLOOKUP($A13,'Parts List and Volumes'!$C$2:$W204,6,FALSE),"") | I13: =IFERROR((($F13*G13)/FourHeadAssumption),"") | J13: =IFERROR((($F13*H13)/FourHeadAssumption),"") | K13: =IFERROR(VLOOKUP($A13,'Parts List and Volumes'!$C$2:$W204,7,FALSE),"") | L13: =IFERROR(VLOOKUP($A13,'Parts List and Volumes'!$C$2:$W204,8,FALSE),"") | M13: =IFERROR((($F13*K13)/FourHeadAssumption),"") | N13: =IFERROR((($F13*L13)/FourHeadAssumption),"") | O13: =IFERROR(VLOOKUP($A13,'Parts List and Volumes'!$C$2:$W204,9,FALSE),"") | P13: =IFERROR(VLOOKUP($A13,'Parts List and Volumes'!$C$2:$W204,10,FALSE),"") | Q13: =IFERROR((($F13*O13)/FourHeadAssumption),"") | R13: =IFERROR((($F13*P13)/FourHeadAssumption),"") | S13: =IFERROR(VLOOKUP($A13,'Parts List and Volumes'!$C$2:$W204,11,FALSE),"") | T13: =IFERROR(VLOOKUP($A13,'Parts List and Volumes'!$C$2:$W204,12,FALSE),"") | U13: =IFERROR((($F13*S13)/FourHeadAssumption),"") | V13: =IFERROR((($F13*T13)/FourHeadAssumption),"") | W13: =IFERROR(VLOOKUP($A13,'Parts List and Volumes'!$C$2:$W204,13,FALSE),"") | X13: =IFERROR(VLOOKUP($A13,'Parts List and Volumes'!$C$2:$W204,14,FALSE),"") | Y13: =IFERROR((($F13*W13)/FourHeadAssumption),"") | Z13: =IFERROR((($F13*X13)/FourHeadAssumption),"") | AA13: =IFERROR(VLOOKUP($A13,'Parts List and Volumes'!$C$2:$W204,15,FALSE),"") | AB13: =IFERROR(VLOOKUP($A13,'Parts List and Volumes'!$C$2:$W204,16,FALSE),"") | AC13: =IFERROR((($F13*AA13)/FourHeadAssumption),"") | AD13: =IFERROR((($F13*AB13)/FourHeadAssumption),"") | AE13: =IFERROR(VLOOKUP($A13,'Parts List and Volumes'!$C$2:$W204,17,FALSE),"") | AF13: =IFERROR(VLOOKUP($A13,'Parts List and Volumes'!$C$2:$W204,18,FALSE),"") | AG13: =IFERROR((($F13*AE13)/FourHeadAssumption),"") | AH13: =IFERROR((($F13*AF13)/FourHeadAssumption),"") | AI13: =IFERROR(VLOOKUP($A13,'Parts List and Volumes'!$C$2:$W204,19,FALSE),"") | AJ13: =IFERROR(VLOOKUP($A13,'Parts List and Volumes'!$C$2:$W204,20,FALSE),"") | AK13: =IFERROR((($F13*AI13)/FourHeadAssumption),"") | AL13: =IFERROR((($F13*AJ13)/FourHeadAssumption),"") | AM13: =IFERROR(VLOOKUP($A13,'Parts List and Volumes'!$C$2:$W204,21,FALSE),"") | AN13: =IFERROR(VLOOKUP($A13,'Parts List and Volumes'!$C$2:$W204,22,FALSE),"") | AO13: =IFERROR((($F13*AM13)/FourHeadAssumption),"") | AP13: =IFERROR((($F13*AN13)/FourHeadAssumption),"") | AQ13: =IFERROR(VLOOKUP($A13,'Parts List and Volumes'!$C$2:$W204,23,FALSE),"") | AR13: =IFERROR(VLOOKUP($A13,'Parts List and Volumes'!$C$2:$W204,24,FALSE),"") | AS13: =IFERROR((($F13*AQ13)/FourHeadAssumption),"") | AT13: =IFERROR((($F13*AR13)/FourHeadAssumption),"") | AU13: =IFERROR(VLOOKUP($A13,'Parts List and Volumes'!$C$2:$W204,25,FALSE),"") | AV13: =IFERROR(VLOOKUP($A13,'Parts List and Volumes'!$C$2:$W204,26,FALSE),"") | AW13: =IFERROR((($F13*AU13)/FourHeadAssumption),"") | AX13: =IFERROR((($F13*AV13)/FourHeadAssumption),"")
C14: =IFERROR(VLOOKUP(A14,'Parts List and Volumes'!C13:D205,2,FALSE),"") | D14: =IFERROR(IF(VLOOKUP($A14,'Parts List and Volumes'!$C13:$F268,3,FALSE)=0,"",VLOOKUP(A14,'Parts List and Volumes'!C13:F268,3,FALSE)),"") | E14: =IFERROR(IF(VLOOKUP($A14,'Parts List and Volumes'!$C13:$F268,4,FALSE)=0,"",VLOOKUP(B14,'Parts List and Volumes'!D13:G268,3,FALSE)),"") | G14: =IFERROR(VLOOKUP($A14,'Parts List and Volumes'!$C$2:$W205,5,FALSE),"") | H14: =IFERROR(VLOOKUP($A14,'Parts List and Volumes'!$C$2:$W205,6,FALSE),"") | I14: =IFERROR((($F14*G14)/FourHeadAssumption),"") | J14: =IFERROR((($F14*H14)/FourHeadAssumption),"") | K14: =IFERROR(VLOOKUP($A14,'Parts List and Volumes'!$C$2:$W205,7,FALSE),"") | L14: =IFERROR(VLOOKUP($A14,'Parts List and Volumes'!$C$2:$W205,8,FALSE),"") | M14: =IFERROR((($F14*K14)/FourHeadAssumption),"") | N14: =IFERROR((($F14*L14)/FourHeadAssumption),"") | O14: =IFERROR(VLOOKUP($A14,'Parts List and Volumes'!$C$2:$W205,9,FALSE),"") | P14: =IFERROR(VLOOKUP($A14,'Parts List and Volumes'!$C$2:$W205,10,FALSE),"") | Q14: =IFERROR((($F14*O14)/FourHeadAssumption),"") | R14: =IFERROR((($F14*P14)/FourHeadAssumption),"") | S14: =IFERROR(VLOOKUP($A14,'Parts List and Volumes'!$C$2:$W205,11,FALSE),"") | T14: =IFERROR(VLOOKUP($A14,'Parts List and Volumes'!$C$2:$W205,12,FALSE),"") | U14: =IFERROR((($F14*S14)/FourHeadAssumption),"") | V14: =IFERROR((($F14*T14)/FourHeadAssumption),"") | W14: =IFERROR(VLOOKUP($A14,'Parts List and Volumes'!$C$2:$W205,13,FALSE),"") | X14: =IFERROR(VLOOKUP($A14,'Parts List and Volumes'!$C$2:$W205,14,FALSE),"") | Y14: =IFERROR((($F14*W14)/FourHeadAssumption),"") | Z14: =IFERROR((($F14*X14)/FourHeadAssumption),"") | AA14: =IFERROR(VLOOKUP($A14,'Parts List and Volumes'!$C$2:$W205,15,FALSE),"") | AB14: =IFERROR(VLOOKUP($A14,'Parts List and Volumes'!$C$2:$W205,16,FALSE),"") | AC14: =IFERROR((($F14*AA14)/FourHeadAssumption),"") | AD14: =IFERROR((($F14*AB14)/FourHeadAssumption),"") | AE14: =IFERROR(VLOOKUP($A14,'Parts List and Volumes'!$C$2:$W205,17,FALSE),"") | AF14: =IFERROR(VLOOKUP($A14,'Parts List and Volumes'!$C$2:$W205,18,FALSE),"") | AG14: =IFERROR((($F14*AE14)/FourHeadAssumption),"") | AH14: =IFERROR((($F14*AF14)/FourHeadAssumption),"") | AI14: =IFERROR(VLOOKUP($A14,'Parts List and Volumes'!$C$2:$W205,19,FALSE),"") | AJ14: =IFERROR(VLOOKUP($A14,'Parts List and Volumes'!$C$2:$W205,20,FALSE),"") | AK14: =IFERROR((($F14*AI14)/FourHeadAssumption),"") | AL14: =IFERROR((($F14*AJ14)/FourHeadAssumption),"") | AM14: =IFERROR(VLOOKUP($A14,'Parts List and Volumes'!$C$2:$W205,21,FALSE),"") | AN14: =IFERROR(VLOOKUP($A14,'Parts List and Volumes'!$C$2:$W205,22,FALSE),"") | AO14: =IFERROR((($F14*AM14)/FourHeadAssumption),"") | AP14: =IFERROR((($F14*AN14)/FourHeadAssumption),"") | AQ14: =IFERROR(VLOOKUP($A14,'Parts List and Volumes'!$C$2:$W205,23,FALSE),"") | AR14: =IFERROR(VLOOKUP($A14,'Parts List and Volumes'!$C$2:$W205,24,FALSE),"") | AS14: =IFERROR((($F14*AQ14)/FourHeadAssumption),"") | AT14: =IFERROR((($F14*AR14)/FourHeadAssumption),"") | AU14: =IFERROR(VLOOKUP($A14,'Parts List and Volumes'!$C$2:$W205,25,FALSE),"") | AV14: =IFERROR(VLOOKUP($A14,'Parts List and Volumes'!$C$2:$W205,26,FALSE),"") | AW14: =IFERROR((($F14*AU14)/FourHeadAssumption),"") | AX14: =IFERROR((($F14*AV14)/FourHeadAssumption),"")
C15: =IFERROR(VLOOKUP(A15,'Parts List and Volumes'!C14:D206,2,FALSE),"") | D15: =IFERROR(IF(VLOOKUP($A15,'Parts List and Volumes'!$C14:$F269,3,FALSE)=0,"",VLOOKUP(A15,'Parts List and Volumes'!C14:F269,3,FALSE)),"") | E15: =IFERROR(IF(VLOOKUP($A15,'Parts List and Volumes'!$C14:$F269,4,FALSE)=0,"",VLOOKUP(B15,'Parts List and Volumes'!D14:G269,3,FALSE)),"") | G15: =IFERROR(VLOOKUP($A15,'Parts List and Volumes'!$C$2:$W206,5,FALSE),"") | H15: =IFERROR(VLOOKUP($A15,'Parts List and Volumes'!$C$2:$W206,6,FALSE),"") | I15: =IFERROR((($F15*G15)/FourHeadAssumption),"") | J15: =IFERROR((($F15*H15)/FourHeadAssumption),"") | K15: =IFERROR(VLOOKUP($A15,'Parts List and Volumes'!$C$2:$W206,7,FALSE),"") | L15: =IFERROR(VLOOKUP($A15,'Parts List and Volumes'!$C$2:$W206,8,FALSE),"") | M15: =IFERROR((($F15*K15)/FourHeadAssumption),"") | N15: =IFERROR((($F15*L15)/FourHeadAssumption),"") | O15: =IFERROR(VLOOKUP($A15,'Parts List and Volumes'!$C$2:$W206,9,FALSE),"") | P15: =IFERROR(VLOOKUP($A15,'Parts List and Volumes'!$C$2:$W206,10,FALSE),"") | Q15: =IFERROR((($F15*O15)/FourHeadAssumption),"") | R15: =IFERROR((($F15*P15)/FourHeadAssumption),"") | S15: =IFERROR(VLOOKUP($A15,'Parts List and Volumes'!$C$2:$W206,11,FALSE),"") | T15: =IFERROR(VLOOKUP($A15,'Parts List and Volumes'!$C$2:$W206,12,FALSE),"") | U15: =IFERROR((($F15*S15)/FourHeadAssumption),"") | V15: =IFERROR((($F15*T15)/FourHeadAssumption),"") | W15: =IFERROR(VLOOKUP($A15,'Parts List and Volumes'!$C$2:$W206,13,FALSE),"") | X15: =IFERROR(VLOOKUP($A15,'Parts List and Volumes'!$C$2:$W206,14,FALSE),"") | Y15: =IFERROR((($F15*W15)/FourHeadAssumption),"") | Z15: =IFERROR((($F15*X15)/FourHeadAssumption),"") | AA15: =IFERROR(VLOOKUP($A15,'Parts List and Volumes'!$C$2:$W206,15,FALSE),"") | AB15: =IFERROR(VLOOKUP($A15,'Parts List and Volumes'!$C$2:$W206,16,FALSE),"") | AC15: =IFERROR((($F15*AA15)/FourHeadAssumption),"") | AD15: =IFERROR((($F15*AB15)/FourHeadAssumption),"") | AE15: =IFERROR(VLOOKUP($A15,'Parts List and Volumes'!$C$2:$W206,17,FALSE),"") | AF15: =IFERROR(VLOOKUP($A15,'Parts List and Volumes'!$C$2:$W206,18,FALSE),"") | AG15: =IFERROR((($F15*AE15)/FourHeadAssumption),"") | AH15: =IFERROR((($F15*AF15)/FourHeadAssumption),"") | AI15: =IFERROR(VLOOKUP($A15,'Parts List and Volumes'!$C$2:$W206,19,FALSE),"") | AJ15: =IFERROR(VLOOKUP($A15,'Parts List and Volumes'!$C$2:$W206,20,FALSE),"") | AK15: =IFERROR((($F15*AI15)/FourHeadAssumption),"") | AL15: =IFERROR((($F15*AJ15)/FourHeadAssumption),"") | AM15: =IFERROR(VLOOKUP($A15,'Parts List and Volumes'!$C$2:$W206,21,FALSE),"") | AN15: =IFERROR(VLOOKUP($A15,'Parts List and Volumes'!$C$2:$W206,22,FALSE),"") | AO15: =IFERROR((($F15*AM15)/FourHeadAssumption),"") | AP15: =IFERROR((($F15*AN15)/FourHeadAssumption),"") | AQ15: =IFERROR(VLOOKUP($A15,'Parts List and Volumes'!$C$2:$W206,23,FALSE),"") | AR15: =IFERROR(VLOOKUP($A15,'Parts List and Volumes'!$C$2:$W206,24,FALSE),"") | AS15: =IFERROR((($F15*AQ15)/FourHeadAssumption),"") | AT15: =IFERROR((($F15*AR15)/FourHeadAssumption),"") | AU15: =IFERROR(VLOOKUP($A15,'Parts List and Volumes'!$C$2:$W206,25,FALSE),"") | AV15: =IFERROR(VLOOKUP($A15,'Parts List and Volumes'!$C$2:$W206,26,FALSE),"") | AW15: =IFERROR((($F15*AU15)/FourHeadAssumption),"") | AX15: =IFERROR((($F15*AV15)/FourHeadAssumption),"")
C16: =IFERROR(VLOOKUP(A16,'Parts List and Volumes'!C15:D207,2,FALSE),"") | D16: =IFERROR(IF(VLOOKUP($A16,'Parts List and Volumes'!$C15:$F270,3,FALSE)=0,"",VLOOKUP(A16,'Parts List and Volumes'!C15:F270,3,FALSE)),"") | E16: =IFERROR(IF(VLOOKUP($A16,'Parts List and Volumes'!$C15:$F270,4,FALSE)=0,"",VLOOKUP(B16,'Parts List and Volumes'!D15:G270,3,FALSE)),"") | G16: =IFERROR(VLOOKUP($A16,'Parts List and Volumes'!$C$2:$W207,5,FALSE),"") | H16: =IFERROR(VLOOKUP($A16,'Parts List and Volumes'!$C$2:$W207,6,FALSE),"") | I16: =IFERROR((($F16*G16)/FourHeadAssumption),"") | J16: =IFERROR((($F16*H16)/FourHeadAssumption),"") | K16: =IFERROR(VLOOKUP($A16,'Parts List and Volumes'!$C$2:$W207,7,FALSE),"") | L16: =IFERROR(VLOOKUP($A16,'Parts List and Volumes'!$C$2:$W207,8,FALSE),"") | M16: =IFERROR((($F16*K16)/FourHeadAssumption),"") | N16: =IFERROR((($F16*L16)/FourHeadAssumption),"") | O16: =IFERROR(VLOOKUP($A16,'Parts List and Volumes'!$C$2:$W207,9,FALSE),"") | P16: =IFERROR(VLOOKUP($A16,'Parts List and Volumes'!$C$2:$W207,10,FALSE),"") | Q16: =IFERROR((($F16*O16)/FourHeadAssumption),"") | R16: =IFERROR((($F16*P16)/FourHeadAssumption),"") | S16: =IFERROR(VLOOKUP($A16,'Parts List and Volumes'!$C$2:$W207,11,FALSE),"") | T16: =IFERROR(VLOOKUP($A16,'Parts List and Volumes'!$C$2:$W207,12,FALSE),"") | U16: =IFERROR((($F16*S16)/FourHeadAssumption),"") | V16: =IFERROR((($F16*T16)/FourHeadAssumption),"") | W16: =IFERROR(VLOOKUP($A16,'Parts List and Volumes'!$C$2:$W207,13,FALSE),"") | X16: =IFERROR(VLOOKUP($A16,'Parts List and Volumes'!$C$2:$W207,14,FALSE),"") | Y16: =IFERROR((($F16*W16)/FourHeadAssumption),"") | Z16: =IFERROR((($F16*X16)/FourHeadAssumption),"") | AA16: =IFERROR(VLOOKUP($A16,'Parts List and Volumes'!$C$2:$W207,15,FALSE),"") | AB16: =IFERROR(VLOOKUP($A16,'Parts List and Volumes'!$C$2:$W207,16,FALSE),"") | AC16: =IFERROR((($F16*AA16)/FourHeadAssumption),"") | AD16: =IFERROR((($F16*AB16)/FourHeadAssumption),"") | AE16: =IFERROR(VLOOKUP($A16,'Parts List and Volumes'!$C$2:$W207,17,FALSE),"") | AF16: =IFERROR(VLOOKUP($A16,'Parts List and Volumes'!$C$2:$W207,18,FALSE),"") | AG16: =IFERROR((($F16*AE16)/FourHeadAssumption),"") | AH16: =IFERROR((($F16*AF16)/FourHeadAssumption),"") | AI16: =IFERROR(VLOOKUP($A16,'Parts List and Volumes'!$C$2:$W207,19,FALSE),"") | AJ16: =IFERROR(VLOOKUP($A16,'Parts List and Volumes'!$C$2:$W207,20,FALSE),"") | AK16: =IFERROR((($F16*AI16)/FourHeadAssumption),"") | AL16: =IFERROR((($F16*AJ16)/FourHeadAssumption),"") | AM16: =IFERROR(VLOOKUP($A16,'Parts List and Volumes'!$C$2:$W207,21,FALSE),"") | AN16: =IFERROR(VLOOKUP($A16,'Parts List and Volumes'!$C$2:$W207,22,FALSE),"") | AO16: =IFERROR((($F16*AM16)/FourHeadAssumption),"") | AP16: =IFERROR((($F16*AN16)/FourHeadAssumption),"") | AQ16: =IFERROR(VLOOKUP($A16,'Parts List and Volumes'!$C$2:$W207,23,FALSE),"") | AR16: =IFERROR(VLOOKUP($A16,'Parts List and Volumes'!$C$2:$W207,24,FALSE),"") | AS16: =IFERROR((($F16*AQ16)/FourHeadAssumption),"") | AT16: =IFERROR((($F16*AR16)/FourHeadAssumption),"") | AU16: =IFERROR(VLOOKUP($A16,'Parts List and Volumes'!$C$2:$W207,25,FALSE),"") | AV16: =IFERROR(VLOOKUP($A16,'Parts List and Volumes'!$C$2:$W207,26,FALSE),"") | AW16: =IFERROR((($F16*AU16)/FourHeadAssumption),"") | AX16: =IFERROR((($F16*AV16)/FourHeadAssumption),"")
C17: =IFERROR(VLOOKUP(A17,'Parts List and Volumes'!C16:D208,2,FALSE),"") | D17: =IFERROR(IF(VLOOKUP($A17,'Parts List and Volumes'!$C16:$F271,3,FALSE)=0,"",VLOOKUP(A17,'Parts List and Volumes'!C16:F271,3,FALSE)),"") | E17: =IFERROR(IF(VLOOKUP($A17,'Parts List and Volumes'!$C16:$F271,4,FALSE)=0,"",VLOOKUP(B17,'Parts List and Volumes'!D16:G271,3,FALSE)),"") | G17: =IFERROR(VLOOKUP($A17,'Parts List and Volumes'!$C$2:$W208,5,FALSE),"") | H17: =IFERROR(VLOOKUP($A17,'Parts List and Volumes'!$C$2:$W208,6,FALSE),"") | I17: =IFERROR((($F17*G17)/FourHeadAssumption),"") | J17: =IFERROR((($F17*H17)/FourHeadAssumption),"") | K17: =IFERROR(VLOOKUP($A17,'Parts List and Volumes'!$C$2:$W208,7,FALSE),"") | L17: =IFERROR(VLOOKUP($A17,'Parts List and Volumes'!$C$2:$W208,8,FALSE),"") | M17: =IFERROR((($F17*K17)/FourHeadAssumption),"") | N17: =IFERROR((($F17*L17)/FourHeadAssumption),"") | O17: =IFERROR(VLOOKUP($A17,'Parts List and Volumes'!$C$2:$W208,9,FALSE),"") | P17: =IFERROR(VLOOKUP($A17,'Parts List and Volumes'!$C$2:$W208,10,FALSE),"") | Q17: =IFERROR((($F17*O17)/FourHeadAssumption),"") | R17: =IFERROR((($F17*P17)/FourHeadAssumption),"") | S17: =IFERROR(VLOOKUP($A17,'Parts List and Volumes'!$C$2:$W208,11,FALSE),"") | T17: =IFERROR(VLOOKUP($A17,'Parts List and Volumes'!$C$2:$W208,12,FALSE),"") | U17: =IFERROR((($F17*S17)/FourHeadAssumption),"") | V17: =IFERROR((($F17*T17)/FourHeadAssumption),"") | W17: =IFERROR(VLOOKUP($A17,'Parts List and Volumes'!$C$2:$W208,13,FALSE),"") | X17: =IFERROR(VLOOKUP($A17,'Parts List and Volumes'!$C$2:$W208,14,FALSE),"") | Y17: =IFERROR((($F17*W17)/FourHeadAssumption),"") | Z17: =IFERROR((($F17*X17)/FourHeadAssumption),"") | AA17: =IFERROR(VLOOKUP($A17,'Parts List and Volumes'!$C$2:$W208,15,FALSE),"") | AB17: =IFERROR(VLOOKUP($A17,'Parts List and Volumes'!$C$2:$W208,16,FALSE),"") | AC17: =IFERROR((($F17*AA17)/FourHeadAssumption),"") | AD17: =IFERROR((($F17*AB17)/FourHeadAssumption),"") | AE17: =IFERROR(VLOOKUP($A17,'Parts List and Volumes'!$C$2:$W208,17,FALSE),"") | AF17: =IFERROR(VLOOKUP($A17,'Parts List and Volumes'!$C$2:$W208,18,FALSE),"") | AG17: =IFERROR((($F17*AE17)/FourHeadAssumption),"") | AH17: =IFERROR((($F17*AF17)/FourHeadAssumption),"") | AI17: =IFERROR(VLOOKUP($A17,'Parts List and Volumes'!$C$2:$W208,19,FALSE),"") | AJ17: =IFERROR(VLOOKUP($A17,'Parts List and Volumes'!$C$2:$W208,20,FALSE),"") | AK17: =IFERROR((($F17*AI17)/FourHeadAssumption),"") | AL17: =IFERROR((($F17*AJ17)/FourHeadAssumption),"") | AM17: =IFERROR(VLOOKUP($A17,'Parts List and Volumes'!$C$2:$W208,21,FALSE),"") | AN17: =IFERROR(VLOOKUP($A17,'Parts List and Volumes'!$C$2:$W208,22,FALSE),"") | AO17: =IFERROR((($F17*AM17)/FourHeadAssumption),"") | AP17: =IFERROR((($F17*AN17)/FourHeadAssumption),"") | AQ17: =IFERROR(VLOOKUP($A17,'Parts List and Volumes'!$C$2:$W208,23,FALSE),"") | AR17: =IFERROR(VLOOKUP($A17,'Parts List and Volumes'!$C$2:$W208,24,FALSE),"") | AS17: =IFERROR((($F17*AQ17)/FourHeadAssumption),"") | AT17: =IFERROR((($F17*AR17)/FourHeadAssumption),"") | AU17: =IFERROR(VLOOKUP($A17,'Parts List and Volumes'!$C$2:$W208,25,FALSE),"") | AV17: =IFERROR(VLOOKUP($A17,'Parts List and Volumes'!$C$2:$W208,26,FALSE),"") | AW17: =IFERROR((($F17*AU17)/FourHeadAssumption),"") | AX17: =IFERROR((($F17*AV17)/FourHeadAssumption),"")
C18: =IFERROR(VLOOKUP(A18,'Parts List and Volumes'!C17:D209,2,FALSE),"") | D18: =IFERROR(IF(VLOOKUP($A18,'Parts List and Volumes'!$C17:$F272,3,FALSE)=0,"",VLOOKUP(A18,'Parts List and Volumes'!C17:F272,3,FALSE)),"") | E18: =IFERROR(IF(VLOOKUP($A18,'Parts List and Volumes'!$C17:$F272,4,FALSE)=0,"",VLOOKUP(B18,'Parts List and Volumes'!D17:G272,3,FALSE)),"") | G18: =IFERROR(VLOOKUP($A18,'Parts List and Volumes'!$C$2:$W209,5,FALSE),"") | H18: =IFERROR(VLOOKUP($A18,'Parts List and Volumes'!$C$2:$W209,6,FALSE),"") | I18: =IFERROR((($F18*G18)/FourHeadAssumption),"") | J18: =IFERROR((($F18*H18)/FourHeadAssumption),"") | K18: =IFERROR(VLOOKUP($A18,'Parts List and Volumes'!$C$2:$W209,7,FALSE),"") | L18: =IFERROR(VLOOKUP($A18,'Parts List and Volumes'!$C$2:$W209,8,FALSE),"") | M18: =IFERROR((($F18*K18)/FourHeadAssumption),"") | N18: =IFERROR((($F18*L18)/FourHeadAssumption),"") | O18: =IFERROR(VLOOKUP($A18,'Parts List and Volumes'!$C$2:$W209,9,FALSE),"") | P18: =IFERROR(VLOOKUP($A18,'Parts List and Volumes'!$C$2:$W209,10,FALSE),"") | Q18: =IFERROR((($F18*O18)/FourHeadAssumption),"") | R18: =IFERROR((($F18*P18)/FourHeadAssumption),"") | S18: =IFERROR(VLOOKUP($A18,'Parts List and Volumes'!$C$2:$W209,11,FALSE),"") | T18: =IFERROR(VLOOKUP($A18,'Parts List and Volumes'!$C$2:$W209,12,FALSE),"") | U18: =IFERROR((($F18*S18)/FourHeadAssumption),"") | V18: =IFERROR((($F18*T18)/FourHeadAssumption),"") | W18: =IFERROR(VLOOKUP($A18,'Parts List and Volumes'!$C$2:$W209,13,FALSE),"") | X18: =IFERROR(VLOOKUP($A18,'Parts List and Volumes'!$C$2:$W209,14,FALSE),"") | Y18: =IFERROR((($F18*W18)/FourHeadAssumption),"") | Z18: =IFERROR((($F18*X18)/FourHeadAssumption),"") | AA18: =IFERROR(VLOOKUP($A18,'Parts List and Volumes'!$C$2:$W209,15,FALSE),"") | AB18: =IFERROR(VLOOKUP($A18,'Parts List and Volumes'!$C$2:$W209,16,FALSE),"") | AC18: =IFERROR((($F18*AA18)/FourHeadAssumption),"") | AD18: =IFERROR((($F18*AB18)/FourHeadAssumption),"") | AE18: =IFERROR(VLOOKUP($A18,'Parts List and Volumes'!$C$2:$W209,17,FALSE),"") | AF18: =IFERROR(VLOOKUP($A18,'Parts List and Volumes'!$C$2:$W209,18,FALSE),"") | AG18: =IFERROR((($F18*AE18)/FourHeadAssumption),"") | AH18: =IFERROR((($F18*AF18)/FourHeadAssumption),"") | AI18: =IFERROR(VLOOKUP($A18,'Parts List and Volumes'!$C$2:$W209,19,FALSE),"") | AJ18: =IFERROR(VLOOKUP($A18,'Parts List and Volumes'!$C$2:$W209,20,FALSE),"") | AK18: =IFERROR((($F18*AI18)/FourHeadAssumption),"") | AL18: =IFERROR((($F18*AJ18)/FourHeadAssumption),"") | AM18: =IFERROR(VLOOKUP($A18,'Parts List and Volumes'!$C$2:$W209,21,FALSE),"") | AN18: =IFERROR(VLOOKUP($A18,'Parts List and Volumes'!$C$2:$W209,22,FALSE),"") | AO18: =IFERROR((($F18*AM18)/FourHeadAssumption),"") | AP18: =IFERROR((($F18*AN18)/FourHeadAssumption),"") | AQ18: =IFERROR(VLOOKUP($A18,'Parts List and Volumes'!$C$2:$W209,23,FALSE),"") | AR18: =IFERROR(VLOOKUP($A18,'Parts List and Volumes'!$C$2:$W209,24,FALSE),"") | AS18: =IFERROR((($F18*AQ18)/FourHeadAssumption),"") | AT18: =IFERROR((($F18*AR18)/FourHeadAssumption),"") | AU18: =IFERROR(VLOOKUP($A18,'Parts List and Volumes'!$C$2:$W209,25,FALSE),"") | AV18: =IFERROR(VLOOKUP($A18,'Parts List and Volumes'!$C$2:$W209,26,FALSE),"") | AW18: =IFERROR((($F18*AU18)/FourHeadAssumption),"") | AX18: =IFERROR((($F18*AV18)/FourHeadAssumption),"")
C19: =IFERROR(VLOOKUP(A19,'Parts List and Volumes'!C18:D210,2,FALSE),"") | D19: =IFERROR(IF(VLOOKUP($A19,'Parts List and Volumes'!$C18:$F273,3,FALSE)=0,"",VLOOKUP(A19,'Parts List and Volumes'!C18:F273,3,FALSE)),"") | E19: =IFERROR(IF(VLOOKUP($A19,'Parts List and Volumes'!$C18:$F273,4,FALSE)=0,"",VLOOKUP(B19,'Parts List and Volumes'!D18:G273,3,FALSE)),"") | G19: =IFERROR(VLOOKUP($A19,'Parts List and Volumes'!$C$2:$W210,5,FALSE),"") | H19: =IFERROR(VLOOKUP($A19,'Parts List and Volumes'!$C$2:$W210,6,FALSE),"") | I19: =IFERROR((($F19*G19)/FourHeadAssumption),"") | J19: =IFERROR((($F19*H19)/FourHeadAssumption),"") | K19: =IFERROR(VLOOKUP($A19,'Parts List and Volumes'!$C$2:$W210,7,FALSE),"") | L19: =IFERROR(VLOOKUP($A19,'Parts List and Volumes'!$C$2:$W210,8,FALSE),"") | M19: =IFERROR((($F19*K19)/FourHeadAssumption),"") | N19: =IFERROR((($F19*L19)/FourHeadAssumption),"") | O19: =IFERROR(VLOOKUP($A19,'Parts List and Volumes'!$C$2:$W210,9,FALSE),"") | P19: =IFERROR(VLOOKUP($A19,'Parts List and Volumes'!$C$2:$W210,10,FALSE),"") | Q19: =IFERROR((($F19*O19)/FourHeadAssumption),"") | R19: =IFERROR((($F19*P19)/FourHeadAssumption),"") | S19: =IFERROR(VLOOKUP($A19,'Parts List and Volumes'!$C$2:$W210,11,FALSE),"") | T19: =IFERROR(VLOOKUP($A19,'Parts List and Volumes'!$C$2:$W210,12,FALSE),"") | U19: =IFERROR((($F19*S19)/FourHeadAssumption),"") | V19: =IFERROR((($F19*T19)/FourHeadAssumption),"") | W19: =IFERROR(VLOOKUP($A19,'Parts List and Volumes'!$C$2:$W210,13,FALSE),"") | X19: =IFERROR(VLOOKUP($A19,'Parts List and Volumes'!$C$2:$W210,14,FALSE),"") | Y19: =IFERROR((($F19*W19)/FourHeadAssumption),"") | Z19: =IFERROR((($F19*X19)/FourHeadAssumption),"") | AA19: =IFERROR(VLOOKUP($A19,'Parts List and Volumes'!$C$2:$W210,15,FALSE),"") | AB19: =IFERROR(VLOOKUP($A19,'Parts List and Volumes'!$C$2:$W210,16,FALSE),"") | AC19: =IFERROR((($F19*AA19)/FourHeadAssumption),"") | AD19: =IFERROR((($F19*AB19)/FourHeadAssumption),"") | AE19: =IFERROR(VLOOKUP($A19,'Parts List and Volumes'!$C$2:$W210,17,FALSE),"") | AF19: =IFERROR(VLOOKUP($A19,'Parts List and Volumes'!$C$2:$W210,18,FALSE),"") | AG19: =IFERROR((($F19*AE19)/FourHeadAssumption),"") | AH19: =IFERROR((($F19*AF19)/FourHeadAssumption),"") | AI19: =IFERROR(VLOOKUP($A19,'Parts List and Volumes'!$C$2:$W210,19,FALSE),"") | AJ19: =IFERROR(VLOOKUP($A19,'Parts List and Volumes'!$C$2:$W210,20,FALSE),"") | AK19: =IFERROR((($F19*AI19)/FourHeadAssumption),"") | AL19: =IFERROR((($F19*AJ19)/FourHeadAssumption),"") | AM19: =IFERROR(VLOOKUP($A19,'Parts List and Volumes'!$C$2:$W210,21,FALSE),"") | AN19: =IFERROR(VLOOKUP($A19,'Parts List and Volumes'!$C$2:$W210,22,FALSE),"") | AO19: =IFERROR((($F19*AM19)/FourHeadAssumption),"") | AP19: =IFERROR((($F19*AN19)/FourHeadAssumption),"") | AQ19: =IFERROR(VLOOKUP($A19,'Parts List and Volumes'!$C$2:$W210,23,FALSE),"") | AR19: =IFERROR(VLOOKUP($A19,'Parts List and Volumes'!$C$2:$W210,24,FALSE),"") | AS19: =IFERROR((($F19*AQ19)/FourHeadAssumption),"") | AT19: =IFERROR((($F19*AR19)/FourHeadAssumption),"") | AU19: =IFERROR(VLOOKUP($A19,'Parts List and Volumes'!$C$2:$W210,25,FALSE),"") | AV19: =IFERROR(VLOOKUP($A19,'Parts List and Volumes'!$C$2:$W210,26,FALSE),"") | AW19: =IFERROR((($F19*AU19)/FourHeadAssumption),"") | AX19: =IFERROR((($F19*AV19)/FourHeadAssumption),"")
C20: =IFERROR(VLOOKUP(A20,'Parts List and Volumes'!C19:D211,2,FALSE),"") | D20: =IFERROR(IF(VLOOKUP($A20,'Parts List and Volumes'!$C19:$F274,3,FALSE)=0,"",VLOOKUP(A20,'Parts List and Volumes'!C19:F274,3,FALSE)),"") | E20: =IFERROR(IF(VLOOKUP($A20,'Parts List and Volumes'!$C19:$F274,4,FALSE)=0,"",VLOOKUP(B20,'Parts List and Volumes'!D19:G274,3,FALSE)),"") | G20: =IFERROR(VLOOKUP($A20,'Parts List and Volumes'!$C$2:$W211,5,FALSE),"") | H20: =IFERROR(VLOOKUP($A20,'Parts List and Volumes'!$C$2:$W211,6,FALSE),"") | I20: =IFERROR((($F20*G20)/FourHeadAssumption),"") | J20: =IFERROR((($F20*H20)/FourHeadAssumption),"") | K20: =IFERROR(VLOOKUP($A20,'Parts List and Volumes'!$C$2:$W211,7,FALSE),"") | L20: =IFERROR(VLOOKUP($A20,'Parts List and Volumes'!$C$2:$W211,8,FALSE),"") | M20: =IFERROR((($F20*K20)/FourHeadAssumption),"") | N20: =IFERROR((($F20*L20)/FourHeadAssumption),"") | O20: =IFERROR(VLOOKUP($A20,'Parts List and Volumes'!$C$2:$W211,9,FALSE),"") | P20: =IFERROR(VLOOKUP($A20,'Parts List and Volumes'!$C$2:$W211,10,FALSE),"") | Q20: =IFERROR((($F20*O20)/FourHeadAssumption),"") | R20: =IFERROR((($F20*P20)/FourHeadAssumption),"") | S20: =IFERROR(VLOOKUP($A20,'Parts List and Volumes'!$C$2:$W211,11,FALSE),"") | T20: =IFERROR(VLOOKUP($A20,'Parts List and Volumes'!$C$2:$W211,12,FALSE),"") | U20: =IFERROR((($F20*S20)/FourHeadAssumption),"") | V20: =IFERROR((($F20*T20)/FourHeadAssumption),"") | W20: =IFERROR(VLOOKUP($A20,'Parts List and Volumes'!$C$2:$W211,13,FALSE),"") | X20: =IFERROR(VLOOKUP($A20,'Parts List and Volumes'!$C$2:$W211,14,FALSE),"") | Y20: =IFERROR((($F20*W20)/FourHeadAssumption),"") | Z20: =IFERROR((($F20*X20)/FourHeadAssumption),"") | AA20: =IFERROR(VLOOKUP($A20,'Parts List and Volumes'!$C$2:$W211,15,FALSE),"") | AB20: =IFERROR(VLOOKUP($A20,'Parts List and Volumes'!$C$2:$W211,16,FALSE),"") | AC20: =IFERROR((($F20*AA20)/FourHeadAssumption),"") | AD20: =IFERROR((($F20*AB20)/FourHeadAssumption),"") | AE20: =IFERROR(VLOOKUP($A20,'Parts List and Volumes'!$C$2:$W211,17,FALSE),"") | AF20: =IFERROR(VLOOKUP($A20,'Parts List and Volumes'!$C$2:$W211,18,FALSE),"") | AG20: =IFERROR((($F20*AE20)/FourHeadAssumption),"") | AH20: =IFERROR((($F20*AF20)/FourHeadAssumption),"") | AI20: =IFERROR(VLOOKUP($A20,'Parts List and Volumes'!$C$2:$W211,19,FALSE),"") | AJ20: =IFERROR(VLOOKUP($A20,'Parts List and Volumes'!$C$2:$W211,20,FALSE),"") | AK20: =IFERROR((($F20*AI20)/FourHeadAssumption),"") | AL20: =IFERROR((($F20*AJ20)/FourHeadAssumption),"") | AM20: =IFERROR(VLOOKUP($A20,'Parts List and Volumes'!$C$2:$W211,21,FALSE),"") | AN20: =IFERROR(VLOOKUP($A20,'Parts List and Volumes'!$C$2:$W211,22,FALSE),"") | AO20: =IFERROR((($F20*AM20)/FourHeadAssumption),"") | AP20: =IFERROR((($F20*AN20)/FourHeadAssumption),"") | AQ20: =IFERROR(VLOOKUP($A20,'Parts List and Volumes'!$C$2:$W211,23,FALSE),"") | AR20: =IFERROR(VLOOKUP($A20,'Parts List and Volumes'!$C$2:$W211,24,FALSE),"") | AS20: =IFERROR((($F20*AQ20)/FourHeadAssumption),"") | AT20: =IFERROR((($F20*AR20)/FourHeadAssumption),"") | AU20: =IFERROR(VLOOKUP($A20,'Parts List and Volumes'!$C$2:$W211,25,FALSE),"") | AV20: =IFERROR(VLOOKUP($A20,'Parts List and Volumes'!$C$2:$W211,26,FALSE),"") | AW20: =IFERROR((($F20*AU20)/FourHeadAssumption),"") | AX20: =IFERROR((($F20*AV20)/FourHeadAssumption),"")
C21: =IFERROR(VLOOKUP(A21,'Parts List and Volumes'!C20:D212,2,FALSE),"") | D21: =IFERROR(IF(VLOOKUP($A21,'Parts List and Volumes'!$C20:$F275,3,FALSE)=0,"",VLOOKUP(A21,'Parts List and Volumes'!C20:F275,3,FALSE)),"") | E21: =IFERROR(IF(VLOOKUP($A21,'Parts List and Volumes'!$C20:$F275,4,FALSE)=0,"",VLOOKUP(B21,'Parts List and Volumes'!D20:G275,3,FALSE)),"") | G21: =IFERROR(VLOOKUP($A21,'Parts List and Volumes'!$C$2:$W212,5,FALSE),"") | H21: =IFERROR(VLOOKUP($A21,'Parts List and Volumes'!$C$2:$W212,6,FALSE),"") | I21: =IFERROR((($F21*G21)/FourHeadAssumption),"") | J21: =IFERROR((($F21*H21)/FourHeadAssumption),"") | K21: =IFERROR(VLOOKUP($A21,'Parts List and Volumes'!$C$2:$W212,7,FALSE),"") | L21: =IFERROR(VLOOKUP($A21,'Parts List and Volumes'!$C$2:$W212,8,FALSE),"") | M21: =IFERROR((($F21*K21)/FourHeadAssumption),"") | N21: =IFERROR((($F21*L21)/FourHeadAssumption),"") | O21: =IFERROR(VLOOKUP($A21,'Parts List and Volumes'!$C$2:$W212,9,FALSE),"") | P21: =IFERROR(VLOOKUP($A21,'Parts List and Volumes'!$C$2:$W212,10,FALSE),"") | Q21: =IFERROR((($F21*O21)/FourHeadAssumption),"") | R21: =IFERROR((($F21*P21)/FourHeadAssumption),"") | S21: =IFERROR(VLOOKUP($A21,'Parts List and Volumes'!$C$2:$W212,11,FALSE),"") | T21: =IFERROR(VLOOKUP($A21,'Parts List and Volumes'!$C$2:$W212,12,FALSE),"") | U21: =IFERROR((($F21*S21)/FourHeadAssumption),"") | V21: =IFERROR((($F21*T21)/FourHeadAssumption),"") | W21: =IFERROR(VLOOKUP($A21,'Parts List and Volumes'!$C$2:$W212,13,FALSE),"") | X21: =IFERROR(VLOOKUP($A21,'Parts List and Volumes'!$C$2:$W212,14,FALSE),"") | Y21: =IFERROR((($F21*W21)/FourHeadAssumption),"") | Z21: =IFERROR((($F21*X21)/FourHeadAssumption),"") | AA21: =IFERROR(VLOOKUP($A21,'Parts List and Volumes'!$C$2:$W212,15,FALSE),"") | AB21: =IFERROR(VLOOKUP($A21,'Parts List and Volumes'!$C$2:$W212,16,FALSE),"") | AC21: =IFERROR((($F21*AA21)/FourHeadAssumption),"") | AD21: =IFERROR((($F21*AB21)/FourHeadAssumption),"") | AE21: =IFERROR(VLOOKUP($A21,'Parts List and Volumes'!$C$2:$W212,17,FALSE),"") | AF21: =IFERROR(VLOOKUP($A21,'Parts List and Volumes'!$C$2:$W212,18,FALSE),"") | AG21: =IFERROR((($F21*AE21)/FourHeadAssumption),"") | AH21: =IFERROR((($F21*AF21)/FourHeadAssumption),"") | AI21: =IFERROR(VLOOKUP($A21,'Parts List and Volumes'!$C$2:$W212,19,FALSE),"") | AJ21: =IFERROR(VLOOKUP($A21,'Parts List and Volumes'!$C$2:$W212,20,FALSE),"") | AK21: =IFERROR((($F21*AI21)/FourHeadAssumption),"") | AL21: =IFERROR((($F21*AJ21)/FourHeadAssumption),"") | AM21: =IFERROR(VLOOKUP($A21,'Parts List and Volumes'!$C$2:$W212,21,FALSE),"") | AN21: =IFERROR(VLOOKUP($A21,'Parts List and Volumes'!$C$2:$W212,22,FALSE),"") | AO21: =IFERROR((($F21*AM21)/FourHeadAssumption),"") | AP21: =IFERROR((($F21*AN21)/FourHeadAssumption),"") | AQ21: =IFERROR(VLOOKUP($A21,'Parts List and Volumes'!$C$2:$W212,23,FALSE),"") | AR21: =IFERROR(VLOOKUP($A21,'Parts List and Volumes'!$C$2:$W212,24,FALSE),"") | AS21: =IFERROR((($F21*AQ21)/FourHeadAssumption),"") | AT21: =IFERROR((($F21*AR21)/FourHeadAssumption),"") | AU21: =IFERROR(VLOOKUP($A21,'Parts List and Volumes'!$C$2:$W212,25,FALSE),"") | AV21: =IFERROR(VLOOKUP($A21,'Parts List and Volumes'!$C$2:$W212,26,FALSE),"") | AW21: =IFERROR((($F21*AU21)/FourHeadAssumption),"") | AX21: =IFERROR((($F21*AV21)/FourHeadAssumption),"")
C22: =IFERROR(VLOOKUP(A22,'Parts List and Volumes'!C21:D213,2,FALSE),"") | D22: =IFERROR(IF(VLOOKUP($A22,'Parts List and Volumes'!$C21:$F276,3,FALSE)=0,"",VLOOKUP(A22,'Parts List and Volumes'!C21:F276,3,FALSE)),"") | E22: =IFERROR(IF(VLOOKUP($A22,'Parts List and Volumes'!$C21:$F276,4,FALSE)=0,"",VLOOKUP(B22,'Parts List and Volumes'!D21:G276,3,FALSE)),"") | G22: =IFERROR(VLOOKUP($A22,'Parts List and Volumes'!$C$2:$W213,5,FALSE),"") | H22: =IFERROR(VLOOKUP($A22,'Parts List and Volumes'!$C$2:$W213,6,FALSE),"") | I22: =IFERROR((($F22*G22)/FourHeadAssumption),"") | J22: =IFERROR((($F22*H22)/FourHeadAssumption),"") | K22: =IFERROR(VLOOKUP($A22,'Parts List and Volumes'!$C$2:$W213,7,FALSE),"") | L22: =IFERROR(VLOOKUP($A22,'Parts List and Volumes'!$C$2:$W213,8,FALSE),"") | M22: =IFERROR((($F22*K22)/FourHeadAssumption),"") | N22: =IFERROR((($F22*L22)/FourHeadAssumption),"") | O22: =IFERROR(VLOOKUP($A22,'Parts List and Volumes'!$C$2:$W213,9,FALSE),"") | P22: =IFERROR(VLOOKUP($A22,'Parts List and Volumes'!$C$2:$W213,10,FALSE),"") | Q22: =IFERROR((($F22*O22)/FourHeadAssumption),"") | R22: =IFERROR((($F22*P22)/FourHeadAssumption),"") | S22: =IFERROR(VLOOKUP($A22,'Parts List and Volumes'!$C$2:$W213,11,FALSE),"") | T22: =IFERROR(VLOOKUP($A22,'Parts List and Volumes'!$C$2:$W213,12,FALSE),"") | U22: =IFERROR((($F22*S22)/FourHeadAssumption),"") | V22: =IFERROR((($F22*T22)/FourHeadAssumption),"") | W22: =IFERROR(VLOOKUP($A22,'Parts List and Volumes'!$C$2:$W213,13,FALSE),"") | X22: =IFERROR(VLOOKUP($A22,'Parts List and Volumes'!$C$2:$W213,14,FALSE),"") | Y22: =IFERROR((($F22*W22)/FourHeadAssumption),"") | Z22: =IFERROR((($F22*X22)/FourHeadAssumption),"") | AA22: =IFERROR(VLOOKUP($A22,'Parts List and Volumes'!$C$2:$W213,15,FALSE),"") | AB22: =IFERROR(VLOOKUP($A22,'Parts List and Volumes'!$C$2:$W213,16,FALSE),"") | AC22: =IFERROR((($F22*AA22)/FourHeadAssumption),"") | AD22: =IFERROR((($F22*AB22)/FourHeadAssumption),"") | AE22: =IFERROR(VLOOKUP($A22,'Parts List and Volumes'!$C$2:$W213,17,FALSE),"") | AF22: =IFERROR(VLOOKUP($A22,'Parts List and Volumes'!$C$2:$W213,18,FALSE),"") | AG22: =IFERROR((($F22*AE22)/FourHeadAssumption),"") | AH22: =IFERROR((($F22*AF22)/FourHeadAssumption),"") | AI22: =IFERROR(VLOOKUP($A22,'Parts List and Volumes'!$C$2:$W213,19,FALSE),"") | AJ22: =IFERROR(VLOOKUP($A22,'Parts List and Volumes'!$C$2:$W213,20,FALSE),"") | AK22: =IFERROR((($F22*AI22)/FourHeadAssumption),"") | AL22: =IFERROR((($F22*AJ22)/FourHeadAssumption),"") | AM22: =IFERROR(VLOOKUP($A22,'Parts List and Volumes'!$C$2:$W213,21,FALSE),"") | AN22: =IFERROR(VLOOKUP($A22,'Parts List and Volumes'!$C$2:$W213,22,FALSE),"") | AO22: =IFERROR((($F22*AM22)/FourHeadAssumption),"") | AP22: =IFERROR((($F22*AN22)/FourHeadAssumption),"") | AQ22: =IFERROR(VLOOKUP($A22,'Parts List and Volumes'!$C$2:$W213,23,FALSE),"") | AR22: =IFERROR(VLOOKUP($A22,'Parts List and Volumes'!$C$2:$W213,24,FALSE),"") | AS22: =IFERROR((($F22*AQ22)/FourHeadAssumption),"") | AT22: =IFERROR((($F22*AR22)/FourHeadAssumption),"") | AU22: =IFERROR(VLOOKUP($A22,'Parts List and Volumes'!$C$2:$W213,25,FALSE),"") | AV22: =IFERROR(VLOOKUP($A22,'Parts List and Volumes'!$C$2:$W213,26,FALSE),"") | AW22: =IFERROR((($F22*AU22)/FourHeadAssumption),"") | AX22: =IFERROR((($F22*AV22)/FourHeadAssumption),"")
C23: =IFERROR(VLOOKUP(A23,'Parts List and Volumes'!C22:D214,2,FALSE),"") | D23: =IFERROR(IF(VLOOKUP($A23,'Parts List and Volumes'!$C22:$F277,3,FALSE)=0,"",VLOOKUP(A23,'Parts List and Volumes'!C22:F277,3,FALSE)),"") | E23: =IFERROR(IF(VLOOKUP($A23,'Parts List and Volumes'!$C22:$F277,4,FALSE)=0,"",VLOOKUP(B23,'Parts List and Volumes'!D22:G277,3,FALSE)),"") | G23: =IFERROR(VLOOKUP($A23,'Parts List and Volumes'!$C$2:$W214,5,FALSE),"") | H23: =IFERROR(VLOOKUP($A23,'Parts List and Volumes'!$C$2:$W214,6,FALSE),"") | I23: =IFERROR((($F23*G23)/FourHeadAssumption),"") | J23: =IFERROR((($F23*H23)/FourHeadAssumption),"") | K23: =IFERROR(VLOOKUP($A23,'Parts List and Volumes'!$C$2:$W214,7,FALSE),"") | L23: =IFERROR(VLOOKUP($A23,'Parts List and Volumes'!$C$2:$W214,8,FALSE),"") | M23: =IFERROR((($F23*K23)/FourHeadAssumption),"") | N23: =IFERROR((($F23*L23)/FourHeadAssumption),"") | O23: =IFERROR(VLOOKUP($A23,'Parts List and Volumes'!$C$2:$W214,9,FALSE),"") | P23: =IFERROR(VLOOKUP($A23,'Parts List and Volumes'!$C$2:$W214,10,FALSE),"") | Q23: =IFERROR((($F23*O23)/FourHeadAssumption),"") | R23: =IFERROR((($F23*P23)/FourHeadAssumption),"") | S23: =IFERROR(VLOOKUP($A23,'Parts List and Volumes'!$C$2:$W214,11,FALSE),"") | T23: =IFERROR(VLOOKUP($A23,'Parts List and Volumes'!$C$2:$W214,12,FALSE),"") | U23: =IFERROR((($F23*S23)/FourHeadAssumption),"") | V23: =IFERROR((($F23*T23)/FourHeadAssumption),"") | W23: =IFERROR(VLOOKUP($A23,'Parts List and Volumes'!$C$2:$W214,13,FALSE),"") | X23: =IFERROR(VLOOKUP($A23,'Parts List and Volumes'!$C$2:$W214,14,FALSE),"") | Y23: =IFERROR((($F23*W23)/FourHeadAssumption),"") | Z23: =IFERROR((($F23*X23)/FourHeadAssumption),"") | AA23: =IFERROR(VLOOKUP($A23,'Parts List and Volumes'!$C$2:$W214,15,FALSE),"") | AB23: =IFERROR(VLOOKUP($A23,'Parts List and Volumes'!$C$2:$W214,16,FALSE),"") | AC23: =IFERROR((($F23*AA23)/FourHeadAssumption),"") | AD23: =IFERROR((($F23*AB23)/FourHeadAssumption),"") | AE23: =IFERROR(VLOOKUP($A23,'Parts List and Volumes'!$C$2:$W214,17,FALSE),"") | AF23: =IFERROR(VLOOKUP($A23,'Parts List and Volumes'!$C$2:$W214,18,FALSE),"") | AG23: =IFERROR((($F23*AE23)/FourHeadAssumption),"") | AH23: =IFERROR((($F23*AF23)/FourHeadAssumption),"") | AI23: =IFERROR(VLOOKUP($A23,'Parts List and Volumes'!$C$2:$W214,19,FALSE),"") | AJ23: =IFERROR(VLOOKUP($A23,'Parts List and Volumes'!$C$2:$W214,20,FALSE),"") | AK23: =IFERROR((($F23*AI23)/FourHeadAssumption),"") | AL23: =IFERROR((($F23*AJ23)/FourHeadAssumption),"") | AM23: =IFERROR(VLOOKUP($A23,'Parts List and Volumes'!$C$2:$W214,21,FALSE),"") | AN23: =IFERROR(VLOOKUP($A23,'Parts List and Volumes'!$C$2:$W214,22,FALSE),"") | AO23: =IFERROR((($F23*AM23)/FourHeadAssumption),"") | AP23: =IFERROR((($F23*AN23)/FourHeadAssumption),"") | AQ23: =IFERROR(VLOOKUP($A23,'Parts List and Volumes'!$C$2:$W214,23,FALSE),"") | AR23: =IFERROR(VLOOKUP($A23,'Parts List and Volumes'!$C$2:$W214,24,FALSE),"") | AS23: =IFERROR((($F23*AQ23)/FourHeadAssumption),"") | AT23: =IFERROR((($F23*AR23)/FourHeadAssumption),"") | AU23: =IFERROR(VLOOKUP($A23,'Parts List and Volumes'!$C$2:$W214,25,FALSE),"") | AV23: =IFERROR(VLOOKUP($A23,'Parts List and Volumes'!$C$2:$W214,26,FALSE),"") | AW23: =IFERROR((($F23*AU23)/FourHeadAssumption),"") | AX23: =IFERROR((($F23*AV23)/FourHeadAssumption),"")
... C50: =IFERROR(VLOOKUP(A50,'Parts List and Volumes'!C49:D241,2,FALSE),"") | D50: =IFERROR(IF(VLOOKUP($A50,'Parts List and Volumes'!$C49:$F304,3,FALSE)=0,"",VLOOKUP(A50,'Parts List and Volumes'!C49:F304,3,FALSE)),"") | E50: =IFERROR(IF(VLOOKUP($A50,'Parts List and Volumes'!$C49:$F304,4,FALSE)=0,"",VLOOKUP(B50,'Parts List and Volumes'!D49:G304,3,FALSE)),"") | G50: =IFERROR(VLOOKUP($A50,'Parts List and Volumes'!$C$2:$W241,5,FALSE),"") | H50: =IFERROR(VLOOKUP($A50,'Parts List and Volumes'!$C$2:$W241,6,FALSE),"") | I50: =IFERROR((($F50*G50)/FourHeadAssumption),"") | J50: =IFERROR((($F50*H50)/FourHeadAssumption),"") | K50: =IFERROR(VLOOKUP($A50,'Parts List and Volumes'!$C$2:$W241,7,FALSE),"") | L50: =IFERROR(VLOOKUP($A50,'Parts List and Volumes'!$C$2:$W241,8,FALSE),"") | M50: =IFERROR((($F50*K50)/FourHeadAssumption),"") | N50: =IFERROR((($F50*L50)/FourHeadAssumption),"") | O50: =IFERROR(VLOOKUP($A50,'Parts List and Volumes'!$C$2:$W241,9,FALSE),"") | P50: =IFERROR(VLOOKUP($A50,'Parts List and Volumes'!$C$2:$W241,10,FALSE),"") | Q50: =IFERROR((($F50*O50)/FourHeadAssumption),"") | R50: =IFERROR((($F50*P50)/FourHeadAssumption),"") | S50: =IFERROR(VLOOKUP($A50,'Parts List and Volumes'!$C$2:$W241,11,FALSE),"") | T50: =IFERROR(VLOOKUP($A50,'Parts List and Volumes'!$C$2:$W241,12,FALSE),"") | U50: =IFERROR((($F50*S50)/FourHeadAssumption),"") | V50: =IFERROR((($F50*T50)/FourHeadAssumption),"") | W50: =IFERROR(VLOOKUP($A50,'Parts List and Volumes'!$C$2:$W241,13,FALSE),"") | X50: =IFERROR(VLOOKUP($A50,'Parts List and Volumes'!$C$2:$W241,14,FALSE),"") | Y50: =IFERROR((($F50*W50)/FourHeadAssumption),"") | Z50: =IFERROR((($F50*X50)/FourHeadAssumption),"") | AA50: =IFERROR(VLOOKUP($A50,'Parts List and Volumes'!$C$2:$W241,15,FALSE),"") | AB50: =IFERROR(VLOOKUP($A50,'Parts List and Volumes'!$C$2:$W241,16,FALSE),"") | AC50: =IFERROR((($F50*AA50)/FourHeadAssumption),"") | AD50: =IFERROR((($F50*AB50)/FourHeadAssumption),"") | AE50: =IFERROR(VLOOKUP($A50,'Parts List and Volumes'!$C$2:$W241,17,FALSE),"") | AF50: =IFERROR(VLOOKUP($A50,'Parts List and Volumes'!$C$2:$W241,18,FALSE),"") | AG50: =IFERROR((($F50*AE50)/FourHeadAssumption),"") | AH50: =IFERROR((($F50*AF50)/FourHeadAssumption),"") | AI50: =IFERROR(VLOOKUP($A50,'Parts List and Volumes'!$C$2:$W241,19,FALSE),"") | AJ50: =IFERROR(VLOOKUP($A50,'Parts List and Volumes'!$C$2:$W241,20,FALSE),"") | AK50: =IFERROR((($F50*AI50)/FourHeadAssumption),"") | AL50: =IFERROR((($F50*AJ50)/FourHeadAssumption),"") | AM50: =IFERROR(VLOOKUP($A50,'Parts List and Volumes'!$C$2:$W241,21,FALSE),"") | AN50: =IFERROR(VLOOKUP($A50,'Parts List and Volumes'!$C$2:$W241,22,FALSE),"") | AO50: =IFERROR((($F50*AM50)/FourHeadAssumption),"") | AP50: =IFERROR((($F50*AN50)/FourHeadAssumption),"") | AQ50: =IFERROR(VLOOKUP($A50,'Parts List and Volumes'!$C$2:$W241,23,FALSE),"") | AR50: =IFERROR(VLOOKUP($A50,'Parts List and Volumes'!$C$2:$W241,24,FALSE),"") | AS50: =IFERROR((($F50*AQ50)/FourHeadAssumption),"") | AT50: =IFERROR((($F50*AR50)/FourHeadAssumption),"") | AU50: =IFERROR(VLOOKUP($A50,'Parts List and Volumes'!$C$2:$W241,25,FALSE),"") | AV50: =IFERROR(VLOOKUP($A50,'Parts List and Volumes'!$C$2:$W241,26,FALSE),"") | AW50: =IFERROR((($F50*AU50)/FourHeadAssumption),"") | AX50: =IFERROR((($F50*AV50)/FourHeadAssumption),"")
I52: =SUM(I3:I50) -> 0 | J52: =SUM(J3:J50) -> 0 | M52: =SUM(M3:M50) -> 0 | N52: =SUM(N3:N50) -> 0 | Q52: =SUM(Q3:Q50) -> 0 | R52: =SUM(R3:R50) -> 0 | U52: =SUM(U3:U50) -> 0 | V52: =SUM(V3:V50) -> 0 | Y52: =SUM(Y3:Y50) -> 0 | Z52: =SUM(Z3:Z50) -> 0 | AC52: =SUM(AC3:AC50) -> 0 | AD52: =SUM(AD3:AD50) -> 0 | AG52: =SUM(AG3:AG50) -> 0 | AH52: =SUM(AH3:AH50) -> 0 | AK52: =SUM(AK3:AK50) -> 0 | AL52: =SUM(AL3:AL50) -> 0 | AO52: =SUM(AO3:AO50) -> 0 | AP52: =SUM(AP3:AP50) -> 0 | AS52: =SUM(AS3:AS50) -> 0 | AT52: =SUM(AT3:AT50) -> 0 | AW52: =SUM(AW3:AW50) -> 0 | AX52: =SUM(AX3:AX50) -> 0
M60: Target Utilization
M61: 2022 | N61: 2023 | O61: 2024 | P61: 2025 | Q61: 2026 | R61: 2027 | S61: 2028 | T61: 2029 | U61: 2030 | V61: 2031 | W61: 2032
M62: 0.8 | N62: 0.8 | O62: 0.8 | P62: 0.8 | Q62: 0.8 | R62: 0.8 | S62: 0.8 | T62: 0.8 | U62: 0.8 | V62: 0.8 | W62: 0.8

Sheet CAD-027
A1: CNC Machine # | G1: 2022 | K1: 2023 | O1: 2024 | S1: 2025 | W1: 2026 | AA1: 2027 | AE1: 2028 | AI1: 2029 | AM1: 2030 | AQ1: 2031 | AU1: 2032
A2: Customer Part Number | B2: Platform | C2: TI Part Number | D2: Tube Diamter | E2: # of Bends | F2: cyc time | G2: Actual Volume | H2: Customer Quoted Vol | I2: % to Actual | J2: % to Tool Note | K2: Actual Volume | L2: Customer Quoted Vol | M2: % to Actual | N2: % to Tool Note | O2: Actual Volume | P2: Customer Quoted Vol | Q2: % to Actual | R2: % to Tool Note | S2: Actual Volume | T2: Customer Quoted Vol | U2: % to Actual | V2: % to Tool Note | W2: Actual Volume | X2: Customer Quoted Vol | Y2: % to Actual | Z2: % to Tool Note | AA2: Actual Volume | AB2: Customer Quoted Vol | AC2: % to Actual | AD2: % to Tool Note | AE2: Actual Volume | AF2: Customer Quoted Vol | AG2: % to Actual | AH2: % to Tool Note | AI2: Actual Volume | AJ2: Customer Quoted Vol | AK2: % to Actual | AL2: % to Tool Note | AM2: Actual Volume | AN2: Customer Quoted Vol | AO2: % to Actual | AP2: % to Tool Note | AQ2: Actual Volume | AR2: Customer Quoted Vol | AS2: % to Actual | AT2: % to Tool Note | AU2: Actual Volume | AV2: Customer Quoted Vol | AW2: % to Actual | AX2: % to Tool Note
A3: 6-871-315-01 | B3: G05_G06_G07 | C3: =IFERROR(VLOOKUP(A3,'Parts List and Volumes'!C2:D194,2,FALSE),"") -> NFAA0212AAF20 | D3: =IFERROR(IF(VLOOKUP($A3,'Parts List and Volumes'!$C2:$F266,3,FALSE)=0,"",VLOOKUP(A3,'Parts List and Volumes'!C2:F266,3,FALSE)),"") -> 4.76 | E3: =IFERROR(IF(VLOOKUP($A3,'Parts List and Volumes'!$C2:$F266,4,FALSE)=0,"",VLOOKUP(B3,'Parts List and Volumes'!D2:G266,3,FALSE)),"") | G3: =IFERROR(VLOOKUP($A3,'Parts List and Volumes'!$C$2:$W194,5,FALSE),"") -> 24220 | H3: =IFERROR(VLOOKUP($A3,'Parts List and Volumes'!$C$2:$W194,6,FALSE),"") -> 22357 | I3: =IFERROR((($F3*G3)/FourHeadAssumption),"") -> 0 | J3: =IFERROR((($F3*H3)/FourHeadAssumption),"") -> 0 | K3: =IFERROR(VLOOKUP($A3,'Parts List and Volumes'!$C$2:$W194,7,FALSE),"") -> 22357 | L3: =IFERROR(VLOOKUP($A3,'Parts List and Volumes'!$C$2:$W194,8,FALSE),"") -> 22357 | M3: =IFERROR((($F3*K3)/FourHeadAssumption),"") -> 0 | N3: =IFERROR((($F3*L3)/FourHeadAssumption),"") -> 0 | O3: =IFERROR(VLOOKUP($A3,'Parts List and Volumes'!$C$2:$W194,9,FALSE),"") -> 0 | P3: =IFERROR(VLOOKUP($A3,'Parts List and Volumes'!$C$2:$W194,10,FALSE),"") -> 24773 | Q3: =IFERROR((($F3*O3)/FourHeadAssumption),"") -> 0 | R3: =IFERROR((($F3*P3)/FourHeadAssumption),"") -> 0 | S3: =IFERROR(VLOOKUP($A3,'Parts List and Volumes'!$C$2:$W194,11,FALSE),"") -> 0 | T3: =IFERROR(VLOOKUP($A3,'Parts List and Volumes'!$C$2:$W194,12,FALSE),"") -> 24773 | U3: =IFERROR((($F3*S3)/FourHeadAssumption),"") -> 0 | V3: =IFERROR((($F3*T3)/FourHeadAssumption),"") -> 0 | W3: =IFERROR(VLOOKUP($A3,'Parts List and Volumes'!$C$2:$W194,13,FALSE),"") -> 0 | X3: =IFERROR(VLOOKUP($A3,'Parts List and Volumes'!$C$2:$W194,14,FALSE),"") -> 0 | Y3: =IFERROR((($F3*W3)/FourHeadAssumption),"") -> 0 | Z3: =IFERROR((($F3*X3)/FourHeadAssumption),"") -> 0 | AA3: =IFERROR(VLOOKUP($A3,'Parts List and Volumes'!$C$2:$W194,15,FALSE),"") -> 0 | AB3: =IFERROR(VLOOKUP($A3,'Parts List and Volumes'!$C$2:$W194,16,FALSE),"") -> 0 | AC3: =IFERROR((($F3*AA3)/FourHeadAssumption),"") -> 0 | AD3: =IFERROR((($F3*AB3)/FourHeadAssumption),"") -> 0 | AE3: =IFERROR(VLOOKUP($A3,'Parts List and Volumes'!$C$2:$W194,17,FALSE),"") -> 0 | AF3: =IFERROR(VLOOKUP($A3,'Parts List and Volumes'!$C$2:$W194,18,FALSE),"") -> 0 | AG3: =IFERROR((($F3*AE3)/FourHeadAssumption),"") -> 0 | AH3: =IFERROR((($F3*AF3)/FourHeadAssumption),"") -> 0 | AI3: =IFERROR(VLOOKUP($A3,'Parts List and Volumes'!$C$2:$W194,19,FALSE),"") -> 0 | AJ3: =IFERROR(VLOOKUP($A3,'Parts List and Volumes'!$C$2:$W194,20,FALSE),"") -> 0 | AK3: =IFERROR((($F3*AI3)/FourHeadAssumption),"") -> 0 | AL3: =IFERROR((($F3*AJ3)/FourHeadAssumption),"") -> 0 | AM3: =IFERROR(VLOOKUP($A3,'Parts List and Volumes'!$C$2:$W194,21,FALSE),"") -> 0 | AN3: =IFERROR(VLOOKUP($A3,'Parts List and Volumes'!$C$2:$W194,22,FALSE),"") | AO3: =IFERROR((($F3*AM3)/FourHeadAssumption),"") -> 0 | AP3: =IFERROR((($F3*AN3)/FourHeadAssumption),"") | AQ3: =IFERROR(VLOOKUP($A3,'Parts List and Volumes'!$C$2:$W194,23,FALSE),"") | AR3: =IFERROR(VLOOKUP($A3,'Parts List and Volumes'!$C$2:$W194,24,FALSE),"") | AS3: =IFERROR((($F3*AQ3)/FourHeadAssumption),"") | AT3: =IFERROR((($F3*AR3)/FourHeadAssumption),"") | AU3: =IFERROR(VLOOKUP($A3,'Parts List and Volumes'!$C$2:$W194,25,FALSE),"") | AV3: =IFERROR(VLOOKUP($A3,'Parts List and Volumes'!$C$2:$W194,26,FALSE),"") | AW3: =IFERROR((($F3*AU3)/FourHeadAssumption),"") | AX3: =IFERROR((($F3*AV3)/FourHeadAssumption),"")
A4: 6-895-879-01 | B4: G05_G06_G07 | C4: =IFERROR(VLOOKUP(A4,'Parts List and Volumes'!C3:D195,2,FALSE),"") -> NFAA0281AAF20 | D4: =IFERROR(IF(VLOOKUP($A4,'Parts List and Volumes'!$C3:$F266,3,FALSE)=0,"",VLOOKUP(A4,'Parts List and Volumes'!C3:F266,3,FALSE)),"") -> 4.76 | E4: =IFERROR(IF(VLOOKUP($A4,'Parts List and Volumes'!$C3:$F266,4,FALSE)=0,"",VLOOKUP(B4,'Parts List and Volumes'!D3:G266,3,FALSE)),"") | G4: =IFERROR(VLOOKUP($A4,'Parts List and Volumes'!$C$2:$W195,5,FALSE),"") -> 217905 | H4: =IFERROR(VLOOKUP($A4,'Parts List and Volumes'!$C$2:$W195,6,FALSE),"") -> 214392 | I4: =IFERROR((($F4*G4)/FourHeadAssumption),"") -> 0 | J4: =IFERROR((($F4*H4)/FourHeadAssumption),"") -> 0 | K4: =IFERROR(VLOOKUP($A4,'Parts List and Volumes'!$C$2:$W195,7,FALSE),"") -> 214392 | L4: =IFERROR(VLOOKUP($A4,'Parts List and Volumes'!$C$2:$W195,8,FALSE),"") -> 214392 | M4: =IFERROR((($F4*K4)/FourHeadAssumption),"") -> 0 | N4: =IFERROR((($F4*L4)/FourHeadAssumption),"") -> 0 | O4: =IFERROR(VLOOKUP($A4,'Parts List and Volumes'!$C$2:$W195,9,FALSE),"") -> 0 | P4: =IFERROR(VLOOKUP($A4,'Parts List and Volumes'!$C$2:$W195,10,FALSE),"") -> 238306 | Q4: =IFERROR((($F4*O4)/FourHeadAssumption),"") -> 0 | R4: =IFERROR((($F4*P4)/FourHeadAssumption),"") -> 0 | S4: =IFERROR(VLOOKUP($A4,'Parts List and Volumes'!$C$2:$W195,11,FALSE),"") -> 0 | T4: =IFERROR(VLOOKUP($A4,'Parts List and Volumes'!$C$2:$W195,12,FALSE),"") -> 238306 | U4: =IFERROR((($F4*S4)/FourHeadAssumption),"") -> 0 | V4: =IFERROR((($F4*T4)/FourHeadAssumption),"") -> 0 | W4: =IFERROR(VLOOKUP($A4,'Parts List and Volumes'!$C$2:$W195,13,FALSE),"") -> 0 | X4: =IFERROR(VLOOKUP($A4,'Parts List and Volumes'!$C$2:$W195,14,FALSE),"") -> 0 | Y4: =IFERROR((($F4*W4)/FourHeadAssumption),"") -> 0 | Z4: =IFERROR((($F4*X4)/FourHeadAssumption),"") -> 0 | AA4: =IFERROR(VLOOKUP($A4,'Parts List and Volumes'!$C$2:$W195,15,FALSE),"") -> 0 | AB4: =IFERROR(VLOOKUP($A4,'Parts List and Volumes'!$C$2:$W195,16,FALSE),"") -> 0 | AC4: =IFERROR((($F4*AA4)/FourHeadAssumption),"") -> 0 | AD4: =IFERROR((($F4*AB4)/FourHeadAssumption),"") -> 0 | AE4: =IFERROR(VLOOKUP($A4,'Parts List and Volumes'!$C$2:$W195,17,FALSE),"") -> 0 | AF4: =IFERROR(VLOOKUP($A4,'Parts List and Volumes'!$C$2:$W195,18,FALSE),"") -> 0 | AG4: =IFERROR((($F4*AE4)/FourHeadAssumption),"") -> 0 | AH4: =IFERROR((($F4*AF4)/FourHeadAssumption),"") -> 0 | AI4: =IFERROR(VLOOKUP($A4,'Parts List and Volumes'!$C$2:$W195,19,FALSE),"") -> 0 | AJ4: =IFERROR(VLOOKUP($A4,'Parts List and Volumes'!$C$2:$W195,20,FALSE),"") -> 0 | AK4: =IFERROR((($F4*AI4)/FourHeadAssumption),"") -> 0 | AL4: =IFERROR((($F4*AJ4)/FourHeadAssumption),"") -> 0 | AM4: =IFERROR(VLOOKUP($A4,'Parts List and Volumes'!$C$2:$W195,21,FALSE),"") -> 0 | AN4: =IFERROR(VLOOKUP($A4,'Parts List and Volumes'!$C$2:$W195,22,FALSE),"") | AO4: =IFERROR((($F4*AM4)/FourHeadAssumption),"") -> 0 | AP4: =IFERROR((($F4*AN4)/FourHeadAssumption),"") | AQ4: =IFERROR(VLOOKUP($A4,'Parts List and Volumes'!$C$2:$W195,23,FALSE),"") | AR4: =IFERROR(VLOOKUP($A4,'Parts List and Volumes'!$C$2:$W195,24,FALSE),"") | AS4: =IFERROR((($F4*AQ4)/FourHeadAssumption),"") | AT4: =IFERROR((($F4*AR4)/FourHeadAssumption),"") | AU4: =IFERROR(VLOOKUP($A4,'Parts List and Volumes'!$C$2:$W195,25,FALSE),"") | AV4: =IFERROR(VLOOKUP($A4,'Parts List and Volumes'!$C$2:$W195,26,FALSE),"") | AW4: =IFERROR((($F4*AU4)/FourHeadAssumption),"") | AX4: =IFERROR((($F4*AV4)/FourHeadAssumption),"")
C5: =IFERROR(VLOOKUP(A5,'Parts List and Volumes'!C4:D196,2,FALSE),"") | D5: =IFERROR(IF(VLOOKUP($A5,'Parts List and Volumes'!$C4:$F266,3,FALSE)=0,"",VLOOKUP(A5,'Parts List and Volumes'!C4:F266,3,FALSE)),"") | E5: =IFERROR(IF(VLOOKUP($A5,'Parts List and Volumes'!$C4:$F266,4,FALSE)=0,"",VLOOKUP(B5,'Parts List and Volumes'!D4:G266,3,FALSE)),"") | G5: =IFERROR(VLOOKUP($A5,'Parts List and Volumes'!$C$2:$W196,5,FALSE),"") | H5: =IFERROR(VLOOKUP($A5,'Parts List and Volumes'!$C$2:$W196,6,FALSE),"") | I5: =IFERROR((($F5*G5)/FourHeadAssumption),"") | J5: =IFERROR((($F5*H5)/FourHeadAssumption),"") | K5: =IFERROR(VLOOKUP($A5,'Parts List and Volumes'!$C$2:$W196,7,FALSE),"") | L5: =IFERROR(VLOOKUP($A5,'Parts List and Volumes'!$C$2:$W196,8,FALSE),"") | M5: =IFERROR((($F5*K5)/FourHeadAssumption),"") | N5: =IFERROR((($F5*L5)/FourHeadAssumption),"") | O5: =IFERROR(VLOOKUP($A5,'Parts List and Volumes'!$C$2:$W196,9,FALSE),"") | P5: =IFERROR(VLOOKUP($A5,'Parts List and Volumes'!$C$2:$W196,10,FALSE),"") | Q5: =IFERROR((($F5*O5)/FourHeadAssumption),"") | R5: =IFERROR((($F5*P5)/FourHeadAssumption),"") | S5: =IFERROR(VLOOKUP($A5,'Parts List and Volumes'!$C$2:$W196,11,FALSE),"") | T5: =IFERROR(VLOOKUP($A5,'Parts List and Volumes'!$C$2:$W196,12,FALSE),"") | U5: =IFERROR((($F5*S5)/FourHeadAssumption),"") | V5: =IFERROR((($F5*T5)/FourHeadAssumption),"") | W5: =IFERROR(VLOOKUP($A5,'Parts List and Volumes'!$C$2:$W196,13,FALSE),"") | X5: =IFERROR(VLOOKUP($A5,'Parts List and Volumes'!$C$2:$W196,14,FALSE),"") | Y5: =IFERROR((($F5*W5)/FourHeadAssumption),"") | Z5: =IFERROR((($F5*X5)/FourHeadAssumption),"") | AA5: =IFERROR(VLOOKUP($A5,'Parts List and Volumes'!$C$2:$W196,15,FALSE),"") | AB5: =IFERROR(VLOOKUP($A5,'Parts List and Volumes'!$C$2:$W196,16,FALSE),"") | AC5: =IFERROR((($F5*AA5)/FourHeadAssumption),"") | AD5: =IFERROR((($F5*AB5)/FourHeadAssumption),"") | AE5: =IFERROR(VLOOKUP($A5,'Parts List and Volumes'!$C$2:$W196,17,FALSE),"") | AF5: =IFERROR(VLOOKUP($A5,'Parts List and Volumes'!$C$2:$W196,18,FALSE),"") | AG5: =IFERROR((($F5*AE5)/FourHeadAssumption),"") | AH5: =IFERROR((($F5*AF5)/FourHeadAssumption),"") | AI5: =IFERROR(VLOOKUP($A5,'Parts List and Volumes'!$C$2:$W196,19,FALSE),"") | AJ5: =IFERROR(VLOOKUP($A5,'Parts List and Volumes'!$C$2:$W196,20,FALSE),"") | AK5: =IFERROR((($F5*AI5)/FourHeadAssumption),"") | AL5: =IFERROR((($F5*AJ5)/FourHeadAssumption),"") | AM5: =IFERROR(VLOOKUP($A5,'Parts List and Volumes'!$C$2:$W196,21,FALSE),"") | AN5: =IFERROR(VLOOKUP($A5,'Parts List and Volumes'!$C$2:$W196,22,FALSE),"") | AO5: =IFERROR((($F5*AM5)/FourHeadAssumption),"") | AP5: =IFERROR((($F5*AN5)/FourHeadAssumption),"") | AQ5: =IFERROR(VLOOKUP($A5,'Parts List and Volumes'!$C$2:$W196,23,FALSE),"") | AR5: =IFERROR(VLOOKUP($A5,'Parts List and Volumes'!$C$2:$W196,24,FALSE),"") | AS5: =IFERROR((($F5*AQ5)/FourHeadAssumption),"") | AT5: =IFERROR((($F5*AR5)/FourHeadAssumption),"") | AU5: =IFERROR(VLOOKUP($A5,'Parts List and Volumes'!$C$2:$W196,25,FALSE),"") | AV5: =IFERROR(VLOOKUP($A5,'Parts List and Volumes'!$C$2:$W196,26,FALSE),"") | AW5: =IFERROR((($F5*AU5)/FourHeadAssumption),"") | AX5: =IFERROR((($F5*AV5)/FourHeadAssumption),"")
C6: =IFERROR(VLOOKUP(A6,'Parts List and Volumes'!C5:D197,2,FALSE),"") | D6: =IFERROR(IF(VLOOKUP($A6,'Parts List and Volumes'!$C5:$F266,3,FALSE)=0,"",VLOOKUP(A6,'Parts List and Volumes'!C5:F266,3,FALSE)),"") | E6: =IFERROR(IF(VLOOKUP($A6,'Parts List and Volumes'!$C5:$F266,4,FALSE)=0,"",VLOOKUP(B6,'Parts List and Volumes'!D5:G266,3,FALSE)),"") | G6: =IFERROR(VLOOKUP($A6,'Parts List and Volumes'!$C$2:$W197,5,FALSE),"") | H6: =IFERROR(VLOOKUP($A6,'Parts List and Volumes'!$C$2:$W197,6,FALSE),"") | I6: =IFERROR((($F6*G6)/FourHeadAssumption),"") | J6: =IFERROR((($F6*H6)/FourHeadAssumption),"") | K6: =IFERROR(VLOOKUP($A6,'Parts List and Volumes'!$C$2:$W197,7,FALSE),"") | L6: =IFERROR(VLOOKUP($A6,'Parts List and Volumes'!$C$2:$W197,8,FALSE),"") | M6: =IFERROR((($F6*K6)/FourHeadAssumption),"") | N6: =IFERROR((($F6*L6)/FourHeadAssumption),"") | O6: =IFERROR(VLOOKUP($A6,'Parts List and Volumes'!$C$2:$W197,9,FALSE),"") | P6: =IFERROR(VLOOKUP($A6,'Parts List and Volumes'!$C$2:$W197,10,FALSE),"") | Q6: =IFERROR((($F6*O6)/FourHeadAssumption),"") | R6: =IFERROR((($F6*P6)/FourHeadAssumption),"") | S6: =IFERROR(VLOOKUP($A6,'Parts List and Volumes'!$C$2:$W197,11,FALSE),"") | T6: =IFERROR(VLOOKUP($A6,'Parts List and Volumes'!$C$2:$W197,12,FALSE),"") | U6: =IFERROR((($F6*S6)/FourHeadAssumption),"") | V6: =IFERROR((($F6*T6)/FourHeadAssumption),"") | W6: =IFERROR(VLOOKUP($A6,'Parts List and Volumes'!$C$2:$W197,13,FALSE),"") | X6: =IFERROR(VLOOKUP($A6,'Parts List and Volumes'!$C$2:$W197,14,FALSE),"") | Y6: =IFERROR((($F6*W6)/FourHeadAssumption),"") | Z6: =IFERROR((($F6*X6)/FourHeadAssumption),"") | AA6: =IFERROR(VLOOKUP($A6,'Parts List and Volumes'!$C$2:$W197,15,FALSE),"") | AB6: =IFERROR(VLOOKUP($A6,'Parts List and Volumes'!$C$2:$W197,16,FALSE),"") | AC6: =IFERROR((($F6*AA6)/FourHeadAssumption),"") | AD6: =IFERROR((($F6*AB6)/FourHeadAssumption),"") | AE6: =IFERROR(VLOOKUP($A6,'Parts List and Volumes'!$C$2:$W197,17,FALSE),"") | AF6: =IFERROR(VLOOKUP($A6,'Parts List and Volumes'!$C$2:$W197,18,FALSE),"") | AG6: =IFERROR((($F6*AE6)/FourHeadAssumption),"") | AH6: =IFERROR((($F6*AF6)/FourHeadAssumption),"") | AI6: =IFERROR(VLOOKUP($A6,'Parts List and Volumes'!$C$2:$W197,19,FALSE),"") | AJ6: =IFERROR(VLOOKUP($A6,'Parts List and Volumes'!$C$2:$W197,20,FALSE),"") | AK6: =IFERROR((($F6*AI6)/FourHeadAssumption),"") | AL6: =IFERROR((($F6*AJ6)/FourHeadAssumption),"") | AM6: =IFERROR(VLOOKUP($A6,'Parts List and Volumes'!$C$2:$W197,21,FALSE),"") | AN6: =IFERROR(VLOOKUP($A6,'Parts List and Volumes'!$C$2:$W197,22,FALSE),"") | AO6: =IFERROR((($F6*AM6)/FourHeadAssumption),"") | AP6: =IFERROR((($F6*AN6)/FourHeadAssumption),"") | AQ6: =IFERROR(VLOOKUP($A6,'Parts List and Volumes'!$C$2:$W197,23,FALSE),"") | AR6: =IFERROR(VLOOKUP($A6,'Parts List and Volumes'!$C$2:$W197,24,FALSE),"") | AS6: =IFERROR((($F6*AQ6)/FourHeadAssumption),"") | AT6: =IFERROR((($F6*AR6)/FourHeadAssumption),"") | AU6: =IFERROR(VLOOKUP($A6,'Parts List and Volumes'!$C$2:$W197,25,FALSE),"") | AV6: =IFERROR(VLOOKUP($A6,'Parts List and Volumes'!$C$2:$W197,26,FALSE),"") | AW6: =IFERROR((($F6*AU6)/FourHeadAssumption),"") | AX6: =IFERROR((($F6*AV6)/FourHeadAssumption),"")
C7: =IFERROR(VLOOKUP(A7,'Parts List and Volumes'!C6:D198,2,FALSE),"") | D7: =IFERROR(IF(VLOOKUP($A7,'Parts List and Volumes'!$C6:$F266,3,FALSE)=0,"",VLOOKUP(A7,'Parts List and Volumes'!C6:F266,3,FALSE)),"") | E7: =IFERROR(IF(VLOOKUP($A7,'Parts List and Volumes'!$C6:$F266,4,FALSE)=0,"",VLOOKUP(B7,'Parts List and Volumes'!D6:G266,3,FALSE)),"") | G7: =IFERROR(VLOOKUP($A7,'Parts List and Volumes'!$C$2:$W198,5,FALSE),"") | H7: =IFERROR(VLOOKUP($A7,'Parts List and Volumes'!$C$2:$W198,6,FALSE),"") | I7: =IFERROR((($F7*G7)/FourHeadAssumption),"") | J7: =IFERROR((($F7*H7)/FourHeadAssumption),"") | K7: =IFERROR(VLOOKUP($A7,'Parts List and Volumes'!$C$2:$W198,7,FALSE),"") | L7: =IFERROR(VLOOKUP($A7,'Parts List and Volumes'!$C$2:$W198,8,FALSE),"") | M7: =IFERROR((($F7*K7)/FourHeadAssumption),"") | N7: =IFERROR((($F7*L7)/FourHeadAssumption),"") | O7: =IFERROR(VLOOKUP($A7,'Parts List and Volumes'!$C$2:$W198,9,FALSE),"") | P7: =IFERROR(VLOOKUP($A7,'Parts List and Volumes'!$C$2:$W198,10,FALSE),"") | Q7: =IFERROR((($F7*O7)/FourHeadAssumption),"") | R7: =IFERROR((($F7*P7)/FourHeadAssumption),"") | S7: =IFERROR(VLOOKUP($A7,'Parts List and Volumes'!$C$2:$W198,11,FALSE),"") | T7: =IFERROR(VLOOKUP($A7,'Parts List and Volumes'!$C$2:$W198,12,FALSE),"") | U7: =IFERROR((($F7*S7)/FourHeadAssumption),"") | V7: =IFERROR((($F7*T7)/FourHeadAssumption),"") | W7: =IFERROR(VLOOKUP($A7,'Parts List and Volumes'!$C$2:$W198,13,FALSE),"") | X7: =IFERROR(VLOOKUP($A7,'Parts List and Volumes'!$C$2:$W198,14,FALSE),"") | Y7: =IFERROR((($F7*W7)/FourHeadAssumption),"") | Z7: =IFERROR((($F7*X7)/FourHeadAssumption),"") | AA7: =IFERROR(VLOOKUP($A7,'Parts List and Volumes'!$C$2:$W198,15,FALSE),"") | AB7: =IFERROR(VLOOKUP($A7,'Parts List and Volumes'!$C$2:$W198,16,FALSE),"") | AC7: =IFERROR((($F7*AA7)/FourHeadAssumption),"") | AD7: =IFERROR((($F7*AB7)/FourHeadAssumption),"") | AE7: =IFERROR(VLOOKUP($A7,'Parts List and Volumes'!$C$2:$W198,17,FALSE),"") | AF7: =IFERROR(VLOOKUP($A7,'Parts List and Volumes'!$C$2:$W198,18,FALSE),"") | AG7: =IFERROR((($F7*AE7)/FourHeadAssumption),"") | AH7: =IFERROR((($F7*AF7)/FourHeadAssumption),"") | AI7: =IFERROR(VLOOKUP($A7,'Parts List and Volumes'!$C$2:$W198,19,FALSE),"") | AJ7: =IFERROR(VLOOKUP($A7,'Parts List and Volumes'!$C$2:$W198,20,FALSE),"") | AK7: =IFERROR((($F7*AI7)/FourHeadAssumption),"") | AL7: =IFERROR((($F7*AJ7)/FourHeadAssumption),"") | AM7: =IFERROR(VLOOKUP($A7,'Parts List and Volumes'!$C$2:$W198,21,FALSE),"") | AN7: =IFERROR(VLOOKUP($A7,'Parts List and Volumes'!$C$2:$W198,22,FALSE),"") | AO7: =IFERROR((($F7*AM7)/FourHeadAssumption),"") | AP7: =IFERROR((($F7*AN7)/FourHeadAssumption),"") | AQ7: =IFERROR(VLOOKUP($A7,'Parts List and Volumes'!$C$2:$W198,23,FALSE),"") | AR7: =IFERROR(VLOOKUP($A7,'Parts List and Volumes'!$C$2:$W198,24,FALSE),"") | AS7: =IFERROR((($F7*AQ7)/FourHeadAssumption),"") | AT7: =IFERROR((($F7*AR7)/FourHeadAssumption),"") | AU7: =IFERROR(VLOOKUP($A7,'Parts List and Volumes'!$C$2:$W198,25,FALSE),"") | AV7: =IFERROR(VLOOKUP($A7,'Parts List and Volumes'!$C$2:$W198,26,FALSE),"") | AW7: =IFERROR((($F7*AU7)/FourHeadAssumption),"") | AX7: =IFERROR((($F7*AV7)/FourHeadAssumption),"")
C8: =IFERROR(VLOOKUP(A8,'Parts List and Volumes'!C7:D199,2,FALSE),"") | D8: =IFERROR(IF(VLOOKUP($A8,'Parts List and Volumes'!$C7:$F266,3,FALSE)=0,"",VLOOKUP(A8,'Parts List and Volumes'!C7:F266,3,FALSE)),"") | E8: =IFERROR(IF(VLOOKUP($A8,'Parts List and Volumes'!$C7:$F266,4,FALSE)=0,"",VLOOKUP(B8,'Parts List and Volumes'!D7:G266,3,FALSE)),"") | G8: =IFERROR(VLOOKUP($A8,'Parts List and Volumes'!$C$2:$W199,5,FALSE),"") | H8: =IFERROR(VLOOKUP($A8,'Parts List and Volumes'!$C$2:$W199,6,FALSE),"") | I8: =IFERROR((($F8*G8)/FourHeadAssumption),"") | J8: =IFERROR((($F8*H8)/FourHeadAssumption),"") | K8: =IFERROR(VLOOKUP($A8,'Parts List and Volumes'!$C$2:$W199,7,FALSE),"") | L8: =IFERROR(VLOOKUP($A8,'Parts List and Volumes'!$C$2:$W199,8,FALSE),"") | M8: =IFERROR((($F8*K8)/FourHeadAssumption),"") | N8: =IFERROR((($F8*L8)/FourHeadAssumption),"") | O8: =IFERROR(VLOOKUP($A8,'Parts List and Volumes'!$C$2:$W199,9,FALSE),"") | P8: =IFERROR(VLOOKUP($A8,'Parts List and Volumes'!$C$2:$W199,10,FALSE),"") | Q8: =IFERROR((($F8*O8)/FourHeadAssumption),"") | R8: =IFERROR((($F8*P8)/FourHeadAssumption),"") | S8: =IFERROR(VLOOKUP($A8,'Parts List and Volumes'!$C$2:$W199,11,FALSE),"") | T8: =IFERROR(VLOOKUP($A8,'Parts List and Volumes'!$C$2:$W199,12,FALSE),"") | U8: =IFERROR((($F8*S8)/FourHeadAssumption),"") | V8: =IFERROR((($F8*T8)/FourHeadAssumption),"") | W8: =IFERROR(VLOOKUP($A8,'Parts List and Volumes'!$C$2:$W199,13,FALSE),"") | X8: =IFERROR(VLOOKUP($A8,'Parts List and Volumes'!$C$2:$W199,14,FALSE),"") | Y8: =IFERROR((($F8*W8)/FourHeadAssumption),"") | Z8: =IFERROR((($F8*X8)/FourHeadAssumption),"") | AA8: =IFERROR(VLOOKUP($A8,'Parts List and Volumes'!$C$2:$W199,15,FALSE),"") | AB8: =IFERROR(VLOOKUP($A8,'Parts List and Volumes'!$C$2:$W199,16,FALSE),"") | AC8: =IFERROR((($F8*AA8)/FourHeadAssumption),"") | AD8: =IFERROR((($F8*AB8)/FourHeadAssumption),"") | AE8: =IFERROR(VLOOKUP($A8,'Parts List and Volumes'!$C$2:$W199,17,FALSE),"") | AF8: =IFERROR(VLOOKUP($A8,'Parts List and Volumes'!$C$2:$W199,18,FALSE),"") | AG8: =IFERROR((($F8*AE8)/FourHeadAssumption),"") | AH8: =IFERROR((($F8*AF8)/FourHeadAssumption),"") | AI8: =IFERROR(VLOOKUP($A8,'Parts List and Volumes'!$C$2:$W199,19,FALSE),"") | AJ8: =IFERROR(VLOOKUP($A8,'Parts List and Volumes'!$C$2:$W199,20,FALSE),"") | AK8: =IFERROR((($F8*AI8)/FourHeadAssumption),"") | AL8: =IFERROR((($F8*AJ8)/FourHeadAssumption),"") | AM8: =IFERROR(VLOOKUP($A8,'Parts List and Volumes'!$C$2:$W199,21,FALSE),"") | AN8: =IFERROR(VLOOKUP($A8,'Parts List and Volumes'!$C$2:$W199,22,FALSE),"") | AO8: =IFERROR((($F8*AM8)/FourHeadAssumption),"") | AP8: =IFERROR((($F8*AN8)/FourHeadAssumption),"") | AQ8: =IFERROR(VLOOKUP($A8,'Parts List and Volumes'!$C$2:$W199,23,FALSE),"") | AR8: =IFERROR(VLOOKUP($A8,'Parts List and Volumes'!$C$2:$W199,24,FALSE),"") | AS8: =IFERROR((($F8*AQ8)/FourHeadAssumption),"") | AT8: =IFERROR((($F8*AR8)/FourHeadAssumption),"") | AU8: =IFERROR(VLOOKUP($A8,'Parts List and Volumes'!$C$2:$W199,25,FALSE),"") | AV8: =IFERROR(VLOOKUP($A8,'Parts List and Volumes'!$C$2:$W199,26,FALSE),"") | AW8: =IFERROR((($F8*AU8)/FourHeadAssumption),"") | AX8: =IFERROR((($F8*AV8)/FourHeadAssumption),"")
C9: =IFERROR(VLOOKUP(A9,'Parts List and Volumes'!C8:D200,2,FALSE),"") | D9: =IFERROR(IF(VLOOKUP($A9,'Parts List and Volumes'!$C8:$F266,3,FALSE)=0,"",VLOOKUP(A9,'Parts List and Volumes'!C8:F266,3,FALSE)),"") | E9: =IFERROR(IF(VLOOKUP($A9,'Parts List and Volumes'!$C8:$F266,4,FALSE)=0,"",VLOOKUP(B9,'Parts List and Volumes'!D8:G266,3,FALSE)),"") | G9: =IFERROR(VLOOKUP($A9,'Parts List and Volumes'!$C$2:$W200,5,FALSE),"") | H9: =IFERROR(VLOOKUP($A9,'Parts List and Volumes'!$C$2:$W200,6,FALSE),"") | I9: =IFERROR((($F9*G9)/FourHeadAssumption),"") | J9: =IFERROR((($F9*H9)/FourHeadAssumption),"") | K9: =IFERROR(VLOOKUP($A9,'Parts List and Volumes'!$C$2:$W200,7,FALSE),"") | L9: =IFERROR(VLOOKUP($A9,'Parts List and Volumes'!$C$2:$W200,8,FALSE),"") | M9: =IFERROR((($F9*K9)/FourHeadAssumption),"") | N9: =IFERROR((($F9*L9)/FourHeadAssumption),"") | O9: =IFERROR(VLOOKUP($A9,'Parts List and Volumes'!$C$2:$W200,9,FALSE),"") | P9: =IFERROR(VLOOKUP($A9,'Parts List and Volumes'!$C$2:$W200,10,FALSE),"") | Q9: =IFERROR((($F9*O9)/FourHeadAssumption),"") | R9: =IFERROR((($F9*P9)/FourHeadAssumption),"") | S9: =IFERROR(VLOOKUP($A9,'Parts List and Volumes'!$C$2:$W200,11,FALSE),"") | T9: =IFERROR(VLOOKUP($A9,'Parts List and Volumes'!$C$2:$W200,12,FALSE),"") | U9: =IFERROR((($F9*S9)/FourHeadAssumption),"") | V9: =IFERROR((($F9*T9)/FourHeadAssumption),"") | W9: =IFERROR(VLOOKUP($A9,'Parts List and Volumes'!$C$2:$W200,13,FALSE),"") | X9: =IFERROR(VLOOKUP($A9,'Parts List and Volumes'!$C$2:$W200,14,FALSE),"") | Y9: =IFERROR((($F9*W9)/FourHeadAssumption),"") | Z9: =IFERROR((($F9*X9)/FourHeadAssumption),"") | AA9: =IFERROR(VLOOKUP($A9,'Parts List and Volumes'!$C$2:$W200,15,FALSE),"") | AB9: =IFERROR(VLOOKUP($A9,'Parts List and Volumes'!$C$2:$W200,16,FALSE),"") | AC9: =IFERROR((($F9*AA9)/FourHeadAssumption),"") | AD9: =IFERROR((($F9*AB9)/FourHeadAssumption),"") | AE9: =IFERROR(VLOOKUP($A9,'Parts List and Volumes'!$C$2:$W200,17,FALSE),"") | AF9: =IFERROR(VLOOKUP($A9,'Parts List and Volumes'!$C$2:$W200,18,FALSE),"") | AG9: =IFERROR((($F9*AE9)/FourHeadAssumption),"") | AH9: =IFERROR((($F9*AF9)/FourHeadAssumption),"") | AI9: =IFERROR(VLOOKUP($A9,'Parts List and Volumes'!$C$2:$W200,19,FALSE),"") | AJ9: =IFERROR(VLOOKUP($A9,'Parts List and Volumes'!$C$2:$W200,20,FALSE),"") | AK9: =IFERROR((($F9*AI9)/FourHeadAssumption),"") | AL9: =IFERROR((($F9*AJ9)/FourHeadAssumption),"") | AM9: =IFERROR(VLOOKUP($A9,'Parts List and Volumes'!$C$2:$W200,21,FALSE),"") | AN9: =IFERROR(VLOOKUP($A9,'Parts List and Volumes'!$C$2:$W200,22,FALSE),"") | AO9: =IFERROR((($F9*AM9)/FourHeadAssumption),"") | AP9: =IFERROR((($F9*AN9)/FourHeadAssumption),"") | AQ9: =IFERROR(VLOOKUP($A9,'Parts List and Volumes'!$C$2:$W200,23,FALSE),"") | AR9: =IFERROR(VLOOKUP($A9,'Parts List and Volumes'!$C$2:$W200,24,FALSE),"") | AS9: =IFERROR((($F9*AQ9)/FourHeadAssumption),"") | AT9: =IFERROR((($F9*AR9)/FourHeadAssumption),"") | AU9: =IFERROR(VLOOKUP($A9,'Parts List and Volumes'!$C$2:$W200,25,FALSE),"") | AV9: =IFERROR(VLOOKUP($A9,'Parts List and Volumes'!$C$2:$W200,26,FALSE),"") | AW9: =IFERROR((($F9*AU9)/FourHeadAssumption),"") | AX9: =IFERROR((($F9*AV9)/FourHeadAssumption),"")
C10: =IFERROR(VLOOKUP(A10,'Parts List and Volumes'!C9:D201,2,FALSE),"") | D10: =IFERROR(IF(VLOOKUP($A10,'Parts List and Volumes'!$C9:$F266,3,FALSE)=0,"",VLOOKUP(A10,'Parts List and Volumes'!C9:F266,3,FALSE)),"") | E10: =IFERROR(IF(VLOOKUP($A10,'Parts List and Volumes'!$C9:$F266,4,FALSE)=0,"",VLOOKUP(B10,'Parts List and Volumes'!D9:G266,3,FALSE)),"") | G10: =IFERROR(VLOOKUP($A10,'Parts List and Volumes'!$C$2:$W201,5,FALSE),"") | H10: =IFERROR(VLOOKUP($A10,'Parts List and Volumes'!$C$2:$W201,6,FALSE),"") | I10: =IFERROR((($F10*G10)/FourHeadAssumption),"") | J10: =IFERROR((($F10*H10)/FourHeadAssumption),"") | K10: =IFERROR(VLOOKUP($A10,'Parts List and Volumes'!$C$2:$W201,7,FALSE),"") | L10: =IFERROR(VLOOKUP($A10,'Parts List and Volumes'!$C$2:$W201,8,FALSE),"") | M10: =IFERROR((($F10*K10)/FourHeadAssumption),"") | N10: =IFERROR((($F10*L10)/FourHeadAssumption),"") | O10: =IFERROR(VLOOKUP($A10,'Parts List and Volumes'!$C$2:$W201,9,FALSE),"") | P10: =IFERROR(VLOOKUP($A10,'Parts List and Volumes'!$C$2:$W201,10,FALSE),"") | Q10: =IFERROR((($F10*O10)/FourHeadAssumption),"") | R10: =IFERROR((($F10*P10)/FourHeadAssumption),"") | S10: =IFERROR(VLOOKUP($A10,'Parts List and Volumes'!$C$2:$W201,11,FALSE),"") | T10: =IFERROR(VLOOKUP($A10,'Parts List and Volumes'!$C$2:$W201,12,FALSE),"") | U10: =IFERROR((($F10*S10)/FourHeadAssumption),"") | V10: =IFERROR((($F10*T10)/FourHeadAssumption),"") | W10: =IFERROR(VLOOKUP($A10,'Parts List and Volumes'!$C$2:$W201,13,FALSE),"") | X10: =IFERROR(VLOOKUP($A10,'Parts List and Volumes'!$C$2:$W201,14,FALSE),"") | Y10: =IFERROR((($F10*W10)/FourHeadAssumption),"") | Z10: =IFERROR((($F10*X10)/FourHeadAssumption),"") | AA10: =IFERROR(VLOOKUP($A10,'Parts List and Volumes'!$C$2:$W201,15,FALSE),"") | AB10: =IFERROR(VLOOKUP($A10,'Parts List and Volumes'!$C$2:$W201,16,FALSE),"") | AC10: =IFERROR((($F10*AA10)/FourHeadAssumption),"") | AD10: =IFERROR((($F10*AB10)/FourHeadAssumption),"") | AE10: =IFERROR(VLOOKUP($A10,'Parts List and Volumes'!$C$2:$W201,17,FALSE),"") | AF10: =IFERROR(VLOOKUP($A10,'Parts List and Volumes'!$C$2:$W201,18,FALSE),"") | AG10: =IFERROR((($F10*AE10)/FourHeadAssumption),"") | AH10: =IFERROR((($F10*AF10)/FourHeadAssumption),"") | AI10: =IFERROR(VLOOKUP($A10,'Parts List and Volumes'!$C$2:$W201,19,FALSE),"") | AJ10: =IFERROR(VLOOKUP($A10,'Parts List and Volumes'!$C$2:$W201,20,FALSE),"") | AK10: =IFERROR((($F10*AI10)/FourHeadAssumption),"") | AL10: =IFERROR((($F10*AJ10)/FourHeadAssumption),"") | AM10: =IFERROR(VLOOKUP($A10,'Parts List and Volumes'!$C$2:$W201,21,FALSE),"") | AN10: =IFERROR(VLOOKUP($A10,'Parts List and Volumes'!$C$2:$W201,22,FALSE),"") | AO10: =IFERROR((($F10*AM10)/FourHeadAssumption),"") | AP10: =IFERROR((($F10*AN10)/FourHeadAssumption),"") | AQ10: =IFERROR(VLOOKUP($A10,'Parts List and Volumes'!$C$2:$W201,23,FALSE),"") | AR10: =IFERROR(VLOOKUP($A10,'Parts List and Volumes'!$C$2:$W201,24,FALSE),"") | AS10: =IFERROR((($F10*AQ10)/FourHeadAssumption),"") | AT10: =IFERROR((($F10*AR10)/FourHeadAssumption),"") | AU10: =IFERROR(VLOOKUP($A10,'Parts List and Volumes'!$C$2:$W201,25,FALSE),"") | AV10: =IFERROR(VLOOKUP($A10,'Parts List and Volumes'!$C$2:$W201,26,FALSE),"") | AW10: =IFERROR((($F10*AU10)/FourHeadAssumption),"") | AX10: =IFERROR((($F10*AV10)/FourHeadAssumption),"")
